time,bitrate,latency,jitter,packet_loss,round
2021-04-09 09:47:34.939351,696.5333333333333,16.61495804786682,0,0,1
2021-04-09 09:47:34.940858,696.5333333333333,15.742509841918945,0.872448205947876,0,1
2021-04-09 09:47:39.789912,2786.133333333333,20.041486978530884,4.2989771366119385,0,1
2021-04-09 09:47:39.791473,2786.133333333333,19.535278797149658,0.5062081813812256,0,1
2021-04-09 09:47:45.553560,2786.133333333333,24.209031105041504,4.673752307891846,0,1
2021-04-09 09:47:45.555225,2786.133333333333,23.122378826141357,1.0866522789001465,0,1
2021-04-09 09:47:55.497680,2786.133333333333,31.976491928100586,8.854113101959229,0,1
2021-04-09 09:47:55.499820,2786.133333333333,30.890307903289795,1.086184024810791,0,1
2021-04-09 09:48:02.295830,2786.133333333333,36.5979700088501,5.707662105560303,0,1
2021-04-09 09:48:02.297737,2786.133333333333,35.51157879829407,1.0863912105560303,0,1
2021-04-09 09:48:06.968679,2089.6,39.09420585632324,3.582627058029175,0,1
2021-04-09 09:48:06.971459,2089.6,38.00859880447388,1.0856070518493652,0,1
2021-04-09 09:48:15.275411,2089.6,45.224278926849365,7.215680122375488,0,1
2021-04-09 09:48:15.278988,2089.6,44.13951396942139,1.0847649574279785,0,1
2021-04-09 09:48:30.384031,2089.6,58.156170129776,14.016656160354614,0,1
2021-04-09 09:48:30.385341,2089.6,57.06920504570007,1.0869650840759277,0,1
2021-04-09 09:48:38.303862,2786.133333333333,62.81099820137024,5.741793155670166,0,1
2021-04-09 09:48:38.306509,2786.133333333333,60.63690209388733,2.17409610748291,0,1
2021-04-09 09:48:44.992600,2786.133333333333,65.14639806747437,4.509495973587036,0,1
2021-04-09 09:48:44.996085,2786.133333333333,62.973280906677246,2.173117160797119,0,1
2021-04-09 09:48:52.169163,2786.133333333333,67.96963405609131,4.9963531494140625,0,1
2021-04-09 09:48:52.172216,2786.133333333333,65.79601383209229,2.1736202239990234,0,1
2021-04-09 09:49:01.870380,2786.133333333333,73.31754803657532,7.521534204483032,0,1
2021-04-09 09:49:01.871954,2786.133333333333,71.14242887496948,2.175119161605835,0,1
2021-04-09 09:49:08.910795,2786.133333333333,76.00464391708374,4.862215042114258,0,1
2021-04-09 09:49:08.912386,2786.133333333333,73.82957792282104,2.1750659942626953,0,1
2021-04-09 09:49:13.940701,2786.133333333333,76.6811740398407,2.8515961170196533,0,1
2021-04-09 09:49:13.942318,2786.133333333333,74.50612807273865,2.175045967102051,0,1
2021-04-09 09:49:19.889352,2786.133333333333,78.27655816078186,3.770430088043213,0,1
2021-04-09 09:49:19.892162,2786.133333333333,76.10263919830322,2.1739189624786377,0,1
2021-04-09 09:49:29.994739,2786.133333333333,84.0285849571228,7.92594575881958,0,1
2021-04-09 09:49:30.000540,2786.133333333333,81.8577721118927,2.1708128452301025,0,1
2021-04-09 09:49:35.217826,3482.6666666666665,84.89830088615417,3.0405287742614746,0,1
2021-04-09 09:49:35.221237,3482.6666666666665,82.72504496574402,2.1732559204101562,0,1
2021-04-09 09:49:40.805837,3482.6666666666665,86.13303399085999,3.407989025115967,0,1
2021-04-09 09:49:40.809454,3482.6666666666665,83.95992302894592,2.1731109619140625,0,1
2021-04-09 09:49:47.103370,3482.6666666666665,88.07721304893494,4.117290019989014,0,1
2021-04-09 09:49:47.104946,3482.6666666666665,84.96920800209045,3.1080050468444824,0,1
2021-04-09 09:49:52.731160,3482.6666666666665,86.15326189994812,1.184053897857666,0,1
2021-04-09 09:49:52.736988,3482.6666666666665,73.09907412528992,13.054187774658203,0,1
2021-04-09 09:50:03.444800,3482.6666666666665,23.806818962097168,49.29225516319275,0,1
2021-04-09 09:50:03.446367,3482.6666666666665,22.72000813484192,1.086810827255249,0,1
2021-04-09 09:50:08.833116,3482.6666666666665,27.018341064453125,4.298332929611206,0,1
2021-04-09 09:50:08.834689,3482.6666666666665,25.9316189289093,1.0867221355438232,0,1
2021-04-09 09:50:13.893300,3482.6666666666665,29.901828050613403,3.9702091217041016,0,1
2021-04-09 09:50:13.896314,3482.6666666666665,28.81653881072998,1.0852892398834229,0,1
2021-04-09 09:50:18.556730,3482.6666666666665,32.38862609863281,3.572087287902832,0,1
2021-04-09 09:50:18.558538,3482.6666666666665,31.302098035812378,1.0865280628204346,0,1
2021-04-09 09:50:27.781385,3482.6666666666665,39.43662095069885,8.134522914886475,0,1
2021-04-09 09:50:27.784465,3482.6666666666665,38.35142111778259,1.0851998329162598,0,1
2021-04-09 09:50:32.601502,3482.6666666666665,42.080052852630615,3.7286317348480225,0,1
2021-04-09 09:50:32.603271,3482.6666666666665,39.90526008605957,2.174792766571045,0,1
2021-04-09 09:50:43.109644,2786.133333333333,48.23486590385437,8.3296058177948,0,1
2021-04-09 09:50:43.111277,2786.133333333333,46.0598361492157,2.175029754638672,0,1
2021-04-09 09:50:48.445373,2786.133333333333,49.21732711791992,3.1574909687042236,0,1
2021-04-09 09:50:48.446628,2786.133333333333,47.04190707206726,2.175420045852661,0,1
2021-04-09 09:50:57.279282,2786.133333333333,53.69783806800842,6.655930995941162,0,1
2021-04-09 09:50:57.282542,2786.133333333333,51.524548053741455,2.1732900142669678,0,1
2021-04-09 09:51:04.992039,2786.133333333333,57.057255029678345,5.53270697593689,0,1
2021-04-09 09:51:04.993617,2786.133333333333,54.88222694396973,2.175028085708618,0,1
2021-04-09 09:51:10.442353,2786.133333333333,58.15424203872681,3.27201509475708,0,1
2021-04-09 09:51:10.445533,2786.133333333333,55.98075604438782,2.1734859943389893,0,1
2021-04-09 09:51:17.973830,2786.133333333333,61.3323860168457,5.351629972457886,0,1
2021-04-09 09:51:17.975583,2786.133333333333,59.15745997428894,2.1749260425567627,0,1
2021-04-09 09:51:23.195616,2786.133333333333,62.20083498954773,3.043375015258789,0,1
2021-04-09 09:51:23.197185,2786.133333333333,60.0257351398468,2.1750998497009277,0,1
2021-04-09 09:51:30.764538,2786.133333333333,65.41641902923584,5.390683889389038,0,1
2021-04-09 09:51:30.766141,2786.133333333333,63.241493940353394,2.1749250888824463,0,1
2021-04-09 09:51:37.985126,2786.133333333333,68.28374910354614,5.042255163192749,0,1
2021-04-09 09:51:37.986728,2786.133333333333,66.10861301422119,2.175136089324951,0,1
2021-04-09 09:51:48.764603,2786.133333333333,74.70987892150879,8.601265907287598,0,1
2021-04-09 09:51:48.766209,2786.133333333333,72.5347728729248,2.1751060485839844,0,1
2021-04-09 09:51:53.971870,2786.133333333333,75.56376600265503,3.0289931297302246,0,1
2021-04-09 09:51:53.974901,2786.133333333333,73.39011693000793,2.1736490726470947,0,1
2021-04-09 09:51:58.992616,2786.133333333333,76.23117184638977,2.841054916381836,0,1
2021-04-09 09:51:58.994149,2786.133333333333,74.05602288246155,2.1751489639282227,0,1
2021-04-09 09:52:05.522944,3482.6666666666665,78.40816688537598,4.352144002914429,0,1
2021-04-09 09:52:05.525873,3482.6666666666665,76.2344298362732,2.173737049102783,0,1
2021-04-09 09:52:13.782363,3482.6666666666665,82.31425404548645,6.079824209213257,0,1
2021-04-09 09:52:13.783917,3482.6666666666665,79.2063398361206,3.1079142093658447,0,1
2021-04-09 09:52:22.624407,3482.6666666666665,85.87017107009888,6.6638312339782715,0,1
2021-04-09 09:52:22.625994,3482.6666666666665,82.76228404045105,3.107887029647827,0,1
2021-04-09 09:52:27.812807,3482.6666666666665,83.50687313079834,0.74458909034729,0,1
2021-04-09 09:52:27.815892,3482.6666666666665,74.44049406051636,9.066379070281982,0,1
2021-04-09 09:52:33.809253,3482.6666666666665,75.99163603782654,1.5511419773101807,0,1
2021-04-09 09:52:33.812716,3482.6666666666665,73.8184220790863,2.1732139587402344,0,1
2021-04-09 09:52:39.154961,2786.133333333333,76.9839940071106,3.165571928024292,0,1
2021-04-09 09:52:39.156609,2786.133333333333,74.8089849948883,2.17500901222229,0,1
2021-04-09 09:52:45.094116,2786.133333333333,77.63697504997253,2.8279900550842285,0,1
2021-04-09 09:52:45.095709,2786.133333333333,75.46188402175903,2.175091028213501,0,1
2021-04-09 09:52:55.713049,2786.133333333333,83.90255904197693,8.440675020217896,0,1
2021-04-09 09:52:55.714690,2786.133333333333,80.79464292526245,3.1079161167144775,0,1
2021-04-09 09:53:04.018513,2786.133333333333,84.6564269065857,3.861783981323242,0,1
2021-04-09 09:53:04.021906,2786.133333333333,75.59033584594727,9.066091060638428,0,1
2021-04-09 09:53:14.952326,2786.133333333333,32.10403895378113,43.48629689216614,0,1
2021-04-09 09:53:14.953842,2786.133333333333,31.017258882522583,1.086780071258545,0,1
2021-04-09 09:53:22.894712,2786.133333333333,37.86984205245972,6.852583169937134,0,1
2021-04-09 09:53:22.896487,2786.133333333333,36.78324890136719,1.0865931510925293,0,1
2021-04-09 09:53:27.557538,2786.133333333333,40.35596299171448,3.57271409034729,0,1
2021-04-09 09:53:27.559429,2786.133333333333,39.269469022750854,1.086493968963623,0,1
2021-04-09 09:53:32.243166,2786.133333333333,42.864991903305054,3.595522880554199,0,1
2021-04-09 09:53:32.244797,2786.133333333333,41.778176069259644,1.0868158340454102,0,1
2021-04-09 09:53:37.992189,2089.6,46.43729901313782,4.659122943878174,0,1
2021-04-09 09:53:37.993752,2089.6,45.35054612159729,1.0867528915405273,0,1
2021-04-09 09:53:45.396099,2089.6,51.6644811630249,6.313935041427612,0,1
2021-04-09 09:53:45.399580,2089.6,49.49128293991089,2.1731982231140137,0,1
2021-04-09 09:54:03.809439,2089.6,65.72447991371155,16.23319697380066,0,1
2021-04-09 09:54:03.810953,2089.6,63.54937386512756,2.1751060485839844,0,1
2021-04-09 09:54:09.871949,2786.133333333333,67.43376803398132,3.8843941688537598,0,1
2021-04-09 09:54:09.873523,2786.133333333333,65.2585620880127,2.175205945968628,0,1
2021-04-09 09:54:16.872161,2786.133333333333,70.08061480522156,4.822052717208862,0,1
2021-04-09 09:54:16.873810,2786.133333333333,67.90552115440369,2.175093650817871,0,1
2021-04-09 09:54:21.764491,2786.133333333333,70.61952114105225,2.7139999866485596,0,1
2021-04-09 09:54:21.766123,2786.133333333333,68.4444990158081,2.1750221252441406,0,1
2021-04-09 09:54:28.596132,2786.133333333333,73.09789204597473,4.653393030166626,0,1
2021-04-09 09:54:28.599880,2786.133333333333,70.92492890357971,2.1729631423950195,0,1
2021-04-09 09:54:39.597562,2786.133333333333,79.745934009552,8.82100510597229,0,1
2021-04-09 09:54:39.601367,2786.133333333333,77.573077917099,2.172856092453003,0,1
2021-04-09 09:54:45.132529,2786.133333333333,80.92755699157715,3.3544790744781494,0,1
2021-04-09 09:54:45.134364,2786.133333333333,78.75278878211975,2.1747682094573975,0,1
2021-04-09 09:54:55.086525,2786.133333333333,86.52822494506836,7.775436162948608,0,1
2021-04-09 09:54:55.088400,2786.133333333333,84.35349988937378,2.17472505569458,0,1
2021-04-09 09:55:01.173645,2786.133333333333,88.26201796531677,3.908518075942993,0,1
2021-04-09 09:55:01.175228,2786.133333333333,86.08698916435242,2.1750288009643555,0,1
2021-04-09 09:55:08.172699,2437.866666666667,90.9077410697937,4.820751905441284,0,1
2021-04-09 09:55:08.174253,2437.866666666667,88.7326979637146,2.1750431060791016,0,1
2021-04-09 09:55:15.235733,2437.866666666667,93.61755800247192,4.884860038757324,0,1
2021-04-09 09:55:15.238986,2437.866666666667,91.44402694702148,2.1735310554504395,0,1
2021-04-09 09:55:26.194097,2437.866666666667,100.22247314453125,8.778446197509766,0,1
2021-04-09 09:55:26.195299,2437.866666666667,97.11415195465088,3.108321189880371,0,1
2021-04-09 09:55:30.481099,2437.866666666667,95.02921891212463,2.084933042526245,0,1
2021-04-09 09:55:41.476488,2786.133333333333,87.36745405197144,7.661764860153198,0,1
2021-04-09 09:55:41.478162,2786.133333333333,85.19246697425842,2.1749870777130127,0,1
2021-04-09 09:55:47.265815,2786.133333333333,88.8035740852356,3.611107110977173,0,1
2021-04-09 09:55:47.267527,2786.133333333333,86.62849402427673,2.1750800609588623,0,1
2021-04-09 09:55:53.402188,2786.133333333333,90.58660507202148,3.958111047744751,0,1
2021-04-09 09:55:53.403496,2786.133333333333,87.47827696800232,3.108328104019165,0,1
2021-04-09 09:55:59.505580,2786.133333333333,91.4036979675293,3.9254209995269775,0,1
2021-04-09 09:55:59.507118,2786.133333333333,88.29576802253723,3.1079299449920654,0,1
2021-04-09 09:56:10.113206,2786.133333333333,94.459627866745,6.163859844207764,0,1
2021-04-09 09:56:10.116498,2786.133333333333,85.39347505569458,9.066152811050415,0,1
2021-04-09 09:56:19.137244,2786.133333333333,92.23755097389221,6.844075918197632,0,1
2021-04-09 09:56:19.140819,2786.133333333333,89.13159918785095,3.1059517860412598,0,1
2021-04-09 09:56:24.176832,2786.133333333333,89.72554087638855,0.5939416885375977,0,1
2021-04-09 09:56:24.181796,2786.133333333333,76.67046308517456,13.05507779121399,0,1
2021-04-09 09:56:29.194919,2786.133333333333,79.50686001777649,2.8363969326019287,0,1
2021-04-09 09:56:29.196245,2786.133333333333,77.33157205581665,2.175287961959839,0,1
2021-04-09 09:56:35.344204,3134.4,81.30286383628845,3.9712917804718018,0,1
2021-04-09 09:56:35.345781,3134.4,79.12771701812744,2.1751468181610107,0,1
2021-04-09 09:56:42.519824,3134.4,84.12509202957153,4.997375011444092,0,1
2021-04-09 09:56:42.521461,3134.4,81.0172131061554,3.1078789234161377,0,1
2021-04-09 09:56:47.911678,3134.4,80.03674912452698,0.980463981628418,0,1
2021-04-09 09:56:47.914684,3134.4,77.86312913894653,2.1736199855804443,0,1
2021-04-09 09:56:56.011336,3134.4,82.85015916824341,4.987030029296875,0,1
2021-04-09 09:56:56.014418,3134.4,78.41106677055359,4.439092397689819,0,1
2021-04-09 09:57:01.517187,3134.4,70.853835105896,7.557231664657593,0,1
2021-04-09 09:57:08.997154,3134.4,76.1571900844574,5.303354978561401,0,1
2021-04-09 09:57:09.000833,3134.4,73.98421907424927,2.17297101020813,0,1
2021-04-09 09:57:15.793638,3134.4,78.60028910636902,4.616070032119751,0,1
2021-04-09 09:57:15.795225,3134.4,76.42520999908447,2.175079107284546,0,1
2021-04-09 09:57:21.237838,3134.4,79.69128394126892,3.2660739421844482,0,1
2021-04-09 09:57:21.241300,3134.4,76.58509421348572,3.106189727783203,0,1
2021-04-09 09:57:25.330019,3134.4,74.30313205718994,2.2819621562957764,0,1
2021-04-09 09:57:32.402985,3134.4,62.7188241481781,11.58430790901184,0,1
2021-04-09 09:57:32.405852,3134.4,60.54515719413757,2.1736669540405273,0,1
2021-04-09 09:57:37.398764,3482.6666666666665,63.361313819885254,2.8161566257476807,0,1
2021-04-09 09:57:37.400328,3482.6666666666665,61.18629193305969,2.1750218868255615,0,1
2021-04-09 09:57:44.612494,3482.6666666666665,66.22182893753052,5.035537004470825,0,1
2021-04-09 09:57:44.615561,3482.6666666666665,64.04813599586487,2.1736929416656494,0,1
2021-04-09 09:57:50.039900,3482.6666666666665,67.29580998420715,3.247673988342285,0,1
2021-04-09 09:57:50.041565,3482.6666666666665,65.12073993682861,2.17507004737854,0,1
2021-04-09 09:57:54.674053,3482.6666666666665,67.57664489746094,2.455904960632324,0,1
2021-04-09 09:57:54.675580,3482.6666666666665,65.40148901939392,2.1751558780670166,0,1
2021-04-09 09:57:59.913094,3482.6666666666665,68.46234202384949,3.0608530044555664,0,1
2021-04-09 09:57:59.914711,3482.6666666666665,66.28735208511353,2.174989938735962,0,1
2021-04-09 09:58:08.039177,2786.133333333333,72.23514604568481,5.947793960571289,0,1
2021-04-09 09:58:08.040736,2786.133333333333,69.12713098526001,3.1080150604248047,0,1
2021-04-09 09:58:13.961670,2786.133333333333,70.60588097572327,1.4787499904632568,0,1
2021-04-09 09:58:13.964474,2786.133333333333,61.53930306434631,9.066577911376953,0,1
2021-04-09 09:58:24.399007,2786.133333333333,69.79711318016052,8.257810115814209,0,1
2021-04-09 09:58:24.401851,2786.133333333333,67.6233549118042,2.1737582683563232,0,1
2021-04-09 09:58:31.777481,2786.133333333333,72.82225012779236,5.198895215988159,0,1
2021-04-09 09:58:31.781340,2786.133333333333,70.64950680732727,2.172743320465088,0,1
2021-04-09 09:58:37.413905,3482.6666666666665,74.10534191131592,3.4558351039886475,0,1
2021-04-09 09:58:37.415587,3482.6666666666665,71.93036198616028,2.1749799251556396,0,1
2021-04-09 09:58:44.013627,3482.6666666666665,76.35179495811462,4.421432971954346,0,1
2021-04-09 09:58:44.015207,3482.6666666666665,73.24379396438599,3.1080009937286377,0,1
2021-04-09 09:58:53.015212,3482.6666666666665,75.87310910224915,2.629315137863159,0,1
2021-04-09 09:58:53.016397,3482.6666666666665,73.697683095932,2.1754260063171387,0,1
2021-04-09 09:58:58.443045,3482.6666666666665,76.01471400260925,2.317030906677246,0,1
2021-04-09 09:58:58.444704,3482.6666666666665,73.83969712257385,2.1750168800354004,0,1
2021-04-09 09:59:04.152106,3482.6666666666665,76.43757009506226,2.5978729724884033,0,1
2021-04-09 09:59:04.153711,3482.6666666666665,74.26256704330444,2.1750030517578125,0,1
2021-04-09 09:59:12.993390,2786.133333333333,79.99277400970459,5.7302069664001465,0,1
2021-04-09 09:59:12.994730,2786.133333333333,77.81734299659729,2.1754310131073,0,1
2021-04-09 09:59:18.576233,2786.133333333333,80.28931784629822,2.4719748497009277,0,1
2021-04-09 09:59:18.577582,2786.133333333333,78.1139988899231,2.175318956375122,0,1
2021-04-09 09:59:24.901840,2786.133333333333,81.3287889957428,3.214790105819702,0,1
2021-04-09 09:59:24.903669,2786.133333333333,79.15389609336853,2.1748929023742676,0,1
2021-04-09 09:59:30.837836,2786.133333333333,82.91140604019165,3.75750994682312,0,1
2021-04-09 09:59:30.839712,2786.133333333333,79.80376100540161,3.107645034790039,0,1
2021-04-09 09:59:38.471084,1741.3333333333333,81.06439113616943,1.2606301307678223,0,1
2021-04-09 09:59:43.777845,1741.3333333333333,67.71400594711304,13.350385189056396,0,1
2021-04-09 09:59:43.781184,1741.3333333333333,65.54068493843079,2.173321008682251,0,1
2021-04-09 09:59:52.621101,1741.3333333333333,72.20392799377441,6.663243055343628,0,1
2021-04-09 09:59:52.622638,1741.3333333333333,70.02881097793579,2.175117015838623,0,1
2021-04-09 10:00:10.757715,2786.133333333333,85.98722696304321,15.958415985107422,0,1
2021-04-09 10:00:10.759577,2786.133333333333,83.81241393089294,2.1748130321502686,0,1
2021-04-09 10:00:18.542165,2786.133333333333,89.41833710670471,5.605923175811768,0,1
2021-04-09 10:00:18.543704,2786.133333333333,87.24321007728577,2.1751270294189453,0,1
2021-04-09 10:00:24.837457,2786.133333333333,91.36033296585083,4.1171228885650635,0,1
2021-04-09 10:00:24.839309,2786.133333333333,88.25267386436462,3.107659101486206,0,1
2021-04-09 10:00:29.476060,2786.133333333333,90.71270084381104,2.460026979446411,0,1
2021-04-09 10:00:29.477726,2786.133333333333,87.60483407974243,3.1078667640686035,0,1
2021-04-09 10:00:35.971289,3134.4,91.92174100875854,4.316906929016113,0,1
2021-04-09 10:00:35.974147,3134.4,88.81512904167175,3.106611967086792,0,1
2021-04-09 10:00:40.054246,3134.4,86.52443885803223,2.2906901836395264,0,1
2021-04-09 10:00:47.316937,3134.4,75.13004302978516,11.39439582824707,0,1
2021-04-09 10:00:47.320390,3134.4,72.95677590370178,2.173267126083374,0,1
2021-04-09 10:00:53.971682,3134.4,77.43139505386353,4.474619150161743,0,1
2021-04-09 10:00:53.974794,3134.4,75.25784301757812,2.1735520362854004,0,1
2021-04-09 10:01:00.811923,3134.4,79.91837406158447,4.660531044006348,0,1
2021-04-09 10:01:00.813453,3134.4,77.7432770729065,2.1750969886779785,0,1
2021-04-09 10:01:07.709592,2786.133333333333,82.46270704269409,4.719429969787598,0,1
2021-04-09 10:01:07.711193,2786.133333333333,80.28750920295715,2.1751978397369385,0,1
2021-04-09 10:01:16.092493,2786.133333333333,86.49216914176941,6.204659938812256,0,1
2021-04-09 10:01:16.094071,2786.133333333333,84.3171238899231,2.1750452518463135,0,1
2021-04-09 10:01:21.897874,2786.133333333333,87.94426107406616,3.6271371841430664,0,1
2021-04-09 10:01:21.899722,2786.133333333333,84.83659219741821,3.107668876647949,0,1
2021-04-09 10:01:27.309588,2786.133333333333,85.80427289009094,0.9676806926727295,0,1
2021-04-09 10:01:27.312675,2786.133333333333,76.73796010017395,9.066312789916992,0,1
2021-04-09 10:01:44.174378,2089.6,39.1829469203949,37.55501317977905,0,1
2021-04-09 10:01:44.175946,2089.6,38.09627890586853,1.0866680145263672,0,1
2021-04-09 10:01:51.764644,2089.6,44.59654998779297,6.5002710819244385,0,1
2021-04-09 10:01:51.766246,2089.6,43.50982713699341,1.0867228507995605,0,1
2021-04-09 10:01:56.997793,2089.6,47.65304207801819,4.14321494102478,0,1
2021-04-09 10:01:56.999667,2089.6,46.56657385826111,1.08646821975708,0,1
2021-04-09 10:02:11.891952,2786.133333333333,59.282185077667236,12.715611219406128,0,1
2021-04-09 10:02:11.893324,2786.133333333333,58.195223808288574,1.086961269378662,0,1
2021-04-09 10:02:23.076700,2786.133333333333,67.20193696022034,9.006713151931763,0,1
2021-04-09 10:02:23.078724,2786.133333333333,65.02729487419128,2.1746420860290527,0,1
2021-04-09 10:02:27.764276,2786.133333333333,67.53619194030762,2.508897066116333,0,1
2021-04-09 10:02:27.765850,2786.133333333333,65.36107802391052,2.1751139163970947,0,1
2021-04-09 10:02:34.804934,2786.133333333333,70.22350096702576,4.862422943115234,0,1
2021-04-09 10:02:34.808146,2786.133333333333,68.05004906654358,2.1734519004821777,0,1
2021-04-09 10:02:40.892075,2786.133333333333,71.95731616020203,3.9072670936584473,0,1
2021-04-09 10:02:40.893681,2786.133333333333,69.78225708007812,2.1750590801239014,0,1
2021-04-09 10:02:49.872085,2786.133333333333,76.58398604393005,6.801728963851929,0,1
2021-04-09 10:02:49.873650,2786.133333333333,74.408931016922,2.1750550270080566,0,1
2021-04-09 10:02:56.191737,2786.133333333333,78.55044293403625,4.141511917114258,0,1
2021-04-09 10:02:56.196299,2786.133333333333,76.37824702262878,2.1721959114074707,0,1
2021-04-09 10:03:01.781166,2786.133333333333,79.78639912605286,3.4081521034240723,0,1
2021-04-09 10:03:01.782623,2786.133333333333,77.61124300956726,2.1751561164855957,0,1
2021-04-09 10:03:08.771654,2786.133333333333,82.42357087135315,4.812327861785889,0,1
2021-04-09 10:03:08.773412,2786.133333333333,80.24865388870239,2.174916982650757,0,1
2021-04-09 10:03:14.218678,2786.133333333333,83.51725196838379,3.2685980796813965,0,1
2021-04-09 10:03:14.221785,2786.133333333333,81.34367108345032,2.1735808849334717,0,1
2021-04-09 10:03:19.064553,2786.133333333333,84.00979399681091,2.6661229133605957,0,1
2021-04-09 10:03:19.066119,2786.133333333333,81.83474898338318,2.1750450134277344,0,1
2021-04-09 10:03:29.008086,2786.133333333333,89.59999585151672,7.765246868133545,0,1
2021-04-09 10:03:29.011435,2786.133333333333,86.49381709098816,3.1061787605285645,0,1
2021-04-09 10:03:39.621302,2089.6,92.66156387329102,6.1677467823028564,0,1
2021-04-09 10:03:39.624416,2089.6,79.60462808609009,13.056935787200928,0,1
2021-04-09 10:03:57.376120,2089.6,37.35620713233948,42.24842095375061,0,1
2021-04-09 10:03:57.377852,2089.6,36.26948404312134,1.0867230892181396,0,1
2021-04-09 10:04:02.771906,2089.6,40.57519888877869,4.305714845657349,0,1
2021-04-09 10:04:02.773472,2089.6,39.48843002319336,1.0867688655853271,0,1
2021-04-09 10:04:09.466198,2089.6,45.0928270816803,5.6043970584869385,0,1
2021-04-09 10:04:09.467946,2089.6,44.00637197494507,1.0864551067352295,0,1
2021-04-09 10:04:15.374891,2089.6,48.82484197616577,4.818470001220703,0,1
2021-04-09 10:04:15.377832,2089.6,47.73945999145508,1.0853819847106934,0,1
2021-04-09 10:04:34.456027,2089.6,65.72931599617004,17.989856004714966,0,1
2021-04-09 10:04:34.457623,2089.6,64.64263796806335,1.0866780281066895,0,1
2021-04-09 10:04:41.341840,2089.6,69.35013604164124,4.707498073577881,0,1
2021-04-09 10:04:41.344967,2089.6,67.1765968799591,2.173539161682129,0,1
2021-04-09 10:04:53.356128,2089.6,77.01108694076538,9.834490060806274,0,1
2021-04-09 10:04:53.357794,2089.6,74.83609509468079,2.1749918460845947,0,1
2021-04-09 10:05:02.192682,2089.6,81.49442410469055,6.658329010009766,0,1
2021-04-09 10:05:02.195729,2089.6,79.32074213027954,2.1736819744110107,0,1
2021-04-09 10:05:08.342032,2786.133333333333,83.29032492637634,3.9695827960968018,0,1
2021-04-09 10:05:08.343562,2786.133333333333,81.11519479751587,2.1751301288604736,0,1
2021-04-09 10:05:16.395079,2786.133333333333,86.99003982543945,5.874845027923584,0,1
2021-04-09 10:05:16.396688,2786.133333333333,84.8149790763855,2.175060749053955,0,1
2021-04-09 10:05:22.891038,2786.133333333333,89.13278293609619,4.317803859710693,0,1
2021-04-09 10:05:22.892541,2786.133333333333,86.95754790306091,2.1752350330352783,0,1
2021-04-09 10:05:28.274828,2786.133333333333,90.16312384605408,3.205575942993164,0,1
2021-04-09 10:05:28.276591,2786.133333333333,87.98821115493774,2.174912691116333,0,1
2021-04-09 10:05:36.807022,3134.4,94.34198999404907,6.353778839111328,0,1
2021-04-09 10:05:36.810333,3134.4,92.16875910758972,2.1732308864593506,0,1
2021-04-09 10:05:47.355888,3134.4,100.53762888908386,8.36886978149414,0,1
2021-04-09 10:05:47.357471,3134.4,98.3624210357666,2.1752078533172607,0,1
2021-04-09 10:05:52.600848,3134.4,101.42913603782654,3.0667150020599365,0,1
2021-04-09 10:05:52.605377,3134.4,98.324147939682,3.1049880981445312,0,1
2021-04-09 10:05:57.465867,3134.4,101.00797605514526,2.683828115463257,0,1
2021-04-09 10:05:57.469333,3134.4,96.56931185722351,4.438664197921753,0,1
2021-04-09 10:06:02.972404,3134.4,93.00288796424866,3.5664238929748535,0,1
2021-04-09 10:06:07.871558,2786.133333333333,59.49030685424805,33.51258111000061,0,1
2021-04-09 10:06:07.873130,2786.133333333333,57.315227031707764,2.175079822540283,0,1
2021-04-09 10:06:13.477814,2786.133333333333,60.74323892593384,3.428011894226074,0,1
2021-04-09 10:06:13.479723,2786.133333333333,58.56844186782837,2.1747970581054688,0,1
2021-04-09 10:06:26.637879,2786.133333333333,69.54993391036987,10.981492042541504,0,1
2021-04-09 10:06:26.639779,2786.133333333333,67.3752110004425,2.174722909927368,0,1
2021-04-09 10:06:31.991821,2786.133333333333,70.55059814453125,3.175387144088745,0,1
2021-04-09 10:06:31.993405,2786.133333333333,68.37545609474182,2.1751420497894287,0,1
2021-04-09 10:06:38.852028,2089.6,73.05746483802795,4.682008743286133,0,1
2021-04-09 10:06:38.855494,2089.6,70.88421607017517,2.173248767852783,0,1
2021-04-09 10:06:54.524926,2089.6,84.37697887420654,13.492762804031372,0,1
2021-04-09 10:06:54.526519,2089.6,82.2018461227417,2.1751327514648438,0,1
2021-04-09 10:07:02.075096,2089.6,87.57381391525269,5.371967792510986,0,1
2021-04-09 10:07:02.076741,2089.6,85.39879298210144,2.175020933151245,0,1
2021-04-09 10:07:11.611012,2786.133333333333,92.75639200210571,7.3575990200042725,0,1
2021-04-09 10:07:11.612632,2786.133333333333,89.6484911441803,3.107900857925415,0,1
2021-04-09 10:07:19.411920,2786.133333333333,93.00572204589844,3.3572309017181396,0,1
2021-04-09 10:07:19.414784,2786.133333333333,83.93902397155762,9.06669807434082,0,1
2021-04-09 10:07:27.821668,2786.133333333333,90.16923499107361,6.230211019515991,0,1
2021-04-09 10:07:27.824799,2786.133333333333,87.99570512771606,2.173529863357544,0,1
2021-04-09 10:07:33.783399,2786.133333333333,91.77763819694519,3.781933069229126,0,1
2021-04-09 10:07:33.786469,2786.133333333333,89.60403800010681,2.173600196838379,0,1
2021-04-09 10:07:41.314500,2786.133333333333,94.9554660320282,5.351428031921387,0,1
2021-04-09 10:07:41.317296,2786.133333333333,92.78153204917908,2.173933982849121,0,1
2021-04-09 10:07:46.691735,2786.133333333333,95.04644393920898,2.2649118900299072,0,1
2021-04-09 10:07:46.693267,2786.133333333333,92.8713150024414,2.175128936767578,0,1
2021-04-09 10:07:55.734971,2786.133333333333,99.73641109466553,6.865096092224121,0,1
2021-04-09 10:07:55.738129,2786.133333333333,96.62999391555786,3.106417179107666,0,1
2021-04-09 10:08:02.604205,2786.133333333333,99.05401396751404,2.4240200519561768,0,1
2021-04-09 10:08:02.607361,2786.133333333333,89.98759698867798,9.06641697883606,0,1
2021-04-09 10:08:13.918111,2089.6,46.881676197052,43.10592079162598,0,1
2021-04-09 10:08:13.920024,2089.6,45.79525589942932,1.0864202976226807,0,1
2021-04-09 10:08:21.445127,2089.6,51.14375710487366,5.348501205444336,0,1
2021-04-09 10:08:21.446822,2089.6,50.05712389945984,1.0866332054138184,0,1
2021-04-09 10:08:26.296239,2089.6,52.7299280166626,2.672804117202759,0,1
2021-04-09 10:08:26.297825,2089.6,50.55472707748413,2.175200939178467,0,1
2021-04-09 10:08:38.402612,2786.133333333333,60.48285698890686,9.92812991142273,0,1
2021-04-09 10:08:38.405777,2786.133333333333,58.30935001373291,2.17350697517395,0,1
2021-04-09 10:08:45.783936,2786.133333333333,63.51097106933594,5.201621055603027,0,1
2021-04-09 10:08:45.786820,2786.133333333333,61.3370578289032,2.1739132404327393,0,1
2021-04-09 10:08:57.279831,2786.133333333333,70.65339589118958,9.316338062286377,0,1
2021-04-09 10:08:57.281411,2786.133333333333,68.47830891609192,2.1750869750976562,0,1
2021-04-09 10:09:02.652425,2786.133333333333,71.67266798019409,3.194359064102173,0,1
2021-04-09 10:09:02.654031,2786.133333333333,69.49760007858276,2.175067901611328,0,1
2021-04-09 10:09:08.637338,2786.133333333333,73.30428886413574,3.8066887855529785,0,1
2021-04-09 10:09:08.639332,2786.133333333333,71.12964510917664,2.1746437549591064,0,1
2021-04-09 10:09:16.691632,2786.133333333333,77.00528502464294,5.875639915466309,0,1
2021-04-09 10:09:16.692862,2786.133333333333,74.82982301712036,2.175462007522583,0,1
2021-04-09 10:09:22.295443,2786.133333333333,78.25574111938477,3.4259181022644043,0,1
2021-04-09 10:09:22.299097,2786.133333333333,76.08267402648926,2.173067092895508,0,1
2021-04-09 10:09:29.652231,2786.133333333333,81.25913095474243,5.176456928253174,0,1
2021-04-09 10:09:29.653783,2786.133333333333,79.08402299880981,2.175107955932617,0,1
2021-04-09 10:09:35.635148,3482.6666666666665,82.88882613182068,3.8048031330108643,0,1
2021-04-09 10:09:35.638653,3482.6666666666665,80.71556401252747,2.173262119293213,0,1
2021-04-09 10:09:41.400137,3482.6666666666665,84.30036997795105,3.584805965423584,0,1
2021-04-09 10:09:41.402980,3482.6666666666665,81.19369006156921,3.106679916381836,0,1
2021-04-09 10:09:47.295187,3482.6666666666665,84.90923500061035,3.7155449390411377,0,1
2021-04-09 10:09:47.297497,3482.6666666666665,81.80210208892822,3.107132911682129,0,1
2021-04-09 10:09:56.543491,3482.6666666666665,88.8713538646698,7.069251775741577,0,1
2021-04-09 10:09:56.546301,3482.6666666666665,85.76462292671204,3.1067309379577637,0,1
2021-04-09 10:10:03.565879,3482.6666666666665,88.34203100204468,2.5774080753326416,0,1
2021-04-09 10:10:03.570853,3482.6666666666665,75.28701496124268,13.055016040802002,0,1
2021-04-09 10:10:12.738706,2089.6,81.34534502029419,6.058330059051514,0,1
2021-04-09 10:10:12.741831,2089.6,74.9777250289917,6.36761999130249,0,1
2021-04-09 10:10:19.044371,2089.6,62.62312889099121,12.354596138000488,0,1
2021-04-09 10:10:19.045943,2089.6,60.44808506965637,2.175043821334839,0,1
2021-04-09 10:10:25.135944,2089.6,64.36136198043823,3.9132769107818604,0,1
2021-04-09 10:10:25.137629,2089.6,62.186437129974365,2.174924850463867,0,1
2021-04-09 10:10:37.891956,2786.133333333333,72.76403999328613,10.577602863311768,0,1
2021-04-09 10:10:37.895074,2786.133333333333,70.590491771698,2.1735482215881348,0,1
2021-04-09 10:10:43.682273,2786.133333333333,74.20103001594543,3.6105382442474365,0,1
2021-04-09 10:10:43.685335,2786.133333333333,72.02743101119995,2.1735990047454834,0,1
2021-04-09 10:10:51.376386,2786.133333333333,77.54189085960388,5.514459848403931,0,1
2021-04-09 10:10:51.378096,2786.133333333333,75.36685013771057,2.1750407218933105,0,1
2021-04-09 10:10:59.878237,2786.133333333333,81.69032597541809,6.3234758377075195,0,1
2021-04-09 10:10:59.879810,2786.133333333333,79.5152370929718,2.175088882446289,0,1
2021-04-09 10:11:05.972023,2089.6,83.43078398704529,3.9155468940734863,0,1
2021-04-09 10:11:05.973611,2089.6,81.25573801994324,2.175045967102051,0,1
2021-04-09 10:11:21.791132,2089.6,94.89655685424805,13.64081883430481,0,1
2021-04-09 10:11:21.792998,2089.6,92.72175312042236,2.1748037338256836,0,1
2021-04-09 10:11:29.577466,2089.6,97.39669394493103,4.674940824508667,0,1
2021-04-09 10:11:29.579376,2089.6,95.22200894355774,2.174685001373291,0,1
2021-04-09 10:11:38.600753,2786.133333333333,101.13385105133057,5.911842107772827,0,1
2021-04-09 10:11:38.603776,2786.133333333333,94.76609086990356,6.367760181427002,0,1
2021-04-09 10:11:47.959937,2786.133333333333,85.46516513824463,9.300925731658936,0,1
2021-04-09 10:11:47.961591,2786.133333333333,83.29008793830872,2.175077199935913,0,1
2021-04-09 10:11:57.971724,2786.133333333333,91.12358093261719,7.833492994308472,0,1
2021-04-09 10:11:57.973293,2786.133333333333,88.94846796989441,2.1751129627227783,0,1
2021-04-09 10:12:04.111119,2786.133333333333,92.9096200466156,3.9611520767211914,0,1
2021-04-09 10:12:04.114173,2786.133333333333,90.73602199554443,2.173598051071167,0,1
2021-04-09 10:12:10.442287,2437.866666666667,93.95459794998169,3.218575954437256,0,1
2021-04-09 10:12:10.445386,2437.866666666667,91.78103184700012,2.1735661029815674,0,1
2021-04-09 10:12:19.961535,2437.866666666667,98.18766188621521,6.406630039215088,0,1
2021-04-09 10:12:19.962825,2437.866666666667,96.01227402687073,2.1753878593444824,0,1
2021-04-09 10:12:25.917219,2437.866666666667,98.85720586776733,2.8449318408966064,0,1
2021-04-09 10:12:25.920852,2437.866666666667,92.4901659488678,6.367039918899536,0,1
2021-04-09 10:12:33.911646,2437.866666666667,81.82378196716309,10.666383981704712,0,1
2021-04-09 10:12:39.784292,2786.133333333333,85.51967906951904,3.695897102355957,0,1
2021-04-09 10:12:39.785794,2786.133333333333,83.34451007843018,2.175168991088867,0,1
2021-04-09 10:12:45.542858,2786.133333333333,86.9249517917633,3.58044171333313,0,1
2021-04-09 10:12:45.544648,2786.133333333333,84.75009298324585,2.174858808517456,0,1
2021-04-09 10:12:53.591759,2786.133333333333,90.62048292160034,5.870389938354492,0,1
2021-04-09 10:12:53.593337,2786.133333333333,87.51253604888916,3.1079468727111816,0,1
2021-04-09 10:13:02.613884,2786.133333333333,94.3564100265503,6.843873977661133,0,1
2021-04-09 10:13:02.615456,2786.133333333333,91.24858117103577,3.1078288555145264,0,1
2021-04-09 10:13:07.026211,3134.4,91.2170479297638,0.031533241271972656,0,1
2021-04-09 10:13:11.972175,3134.4,83.10308885574341,8.113959074020386,0,1
2021-04-09 10:13:11.973637,3134.4,80.92780017852783,2.175288677215576,0,1
2021-04-09 10:13:17.580912,3134.4,83.4255940914154,2.4977939128875732,0,1
2021-04-09 10:13:17.582573,3134.4,81.25061202049255,2.1749820709228516,0,1
2021-04-09 10:13:27.465614,3134.4,88.02406311035156,6.773451089859009,0,1
2021-04-09 10:13:27.466959,3134.4,83.58323097229004,4.440832138061523,0,1
2021-04-09 10:13:32.874493,3134.4,79.92126893997192,3.6619620323181152,0,1
2021-04-09 10:13:32.877754,3134.4,77.74799489974976,2.173274040222168,0,1
2021-04-09 10:13:38.074950,3134.4,79.8355860710144,2.0875911712646484,0,1
2021-04-09 10:13:38.076368,3134.4,77.66034603118896,2.1752400398254395,0,1
2021-04-09 10:13:44.398964,3134.4,80.87341403961182,3.2130680084228516,0,1
2021-04-09 10:13:44.402122,3134.4,74.50584602355957,6.367568016052246,0,1
2021-04-09 10:13:49.519030,3134.4,60.96560621261597,13.540239810943604,0,1
2021-04-09 10:13:55.390524,3134.4,64.66041994094849,3.6948137283325195,0,1
2021-04-09 10:13:55.392100,3134.4,62.48543405532837,2.174985885620117,0,1
2021-04-09 10:14:02.377506,3134.4,67.29407405853271,4.808640003204346,0,1
2021-04-09 10:14:02.379538,3134.4,65.11944508552551,2.174628973007202,0,1
2021-04-09 10:14:08.294716,2786.133333333333,68.8579568862915,3.738511800765991,0,1
2021-04-09 10:14:08.296550,2786.133333333333,66.68323493003845,2.1747219562530518,0,1
2021-04-09 10:14:15.524481,2786.133333333333,71.73449897766113,5.051264047622681,0,1
2021-04-09 10:14:15.527543,2786.133333333333,69.560781955719,2.1737170219421387,0,1
2021-04-09 10:14:22.738089,2786.133333333333,74.59472799301147,5.0339460372924805,0,1
2021-04-09 10:14:22.741498,2786.133333333333,72.42141890525818,2.173309087753296,0,1
2021-04-09 10:14:30.792049,2786.133333333333,78.29528999328613,5.873871088027954,0,1
2021-04-09 10:14:30.793632,2786.133333333333,75.18743896484375,3.107851028442383,0,1
2021-04-09 10:14:40.741782,2437.866666666667,82.9589250087738,7.771486043930054,0,1
2021-04-09 10:14:40.744909,2437.866666666667,79.85242795944214,3.106497049331665,0,1
2021-04-09 10:14:45.357251,2437.866666666667,78.09416103363037,1.7582669258117676,0,1
2021-04-09 10:14:53.316822,2437.866666666667,67.39646410942078,10.697696924209595,0,1
2021-04-09 10:14:53.318260,2437.866666666667,65.22124004364014,2.1752240657806396,0,1
2021-04-09 10:15:01.396026,2437.866666666667,71.12234282493591,5.901102781295776,0,1
2021-04-09 10:15:01.397024,2437.866666666667,68.94679403305054,2.175548791885376,0,1
2021-04-09 10:15:14.576973,2089.6,79.95001697540283,11.003222942352295,0,1
2021-04-09 10:15:14.580492,2089.6,77.77686595916748,2.1731510162353516,0,1
2021-04-09 10:15:24.060271,2089.6,85.07991695404053,7.303050994873047,0,1
2021-04-09 10:15:24.061845,2089.6,82.9048810005188,2.1750359535217285,0,1
2021-04-09 10:15:34.890948,2089.6,91.55724596977234,8.65236496925354,0,1
2021-04-09 10:15:34.893978,2089.6,89.38369417190552,2.1735517978668213,0,1
2021-04-09 10:15:44.811657,1393.0666666666666,97.1247010231018,7.741006851196289,0,1
2021-04-09 10:15:44.813244,1393.0666666666666,94.9495620727539,2.1751389503479004,0,1
2021-04-09 10:15:58.079925,1393.0666666666666,106.03963994979858,11.090077877044678,0,1
2021-04-09 10:15:58.081494,1393.0666666666666,103.86448121070862,2.175158739089966,0,1
2021-04-09 10:16:17.559096,1393.0666666666666,121.16546106338501,17.30097985267639,0,1
2021-04-09 10:16:17.560653,1393.0666666666666,118.05749702453613,3.107964038848877,0,1
2021-04-09 10:16:27.810729,1393.0666666666666,126.1309061050415,8.073409080505371,0,1
2021-04-09 10:16:27.813909,1393.0666666666666,121.69186997413635,4.439036130905151,0,1
2021-04-09 10:16:44.622269,1044.8,129.43077683448792,7.7389068603515625,0,1
2021-04-09 10:16:56.084080,1044.8,102.48088002204895,26.949896812438965,0,1
2021-04-09 10:16:56.086916,1044.8,98.13032603263855,4.3505539894104,0,1
2021-04-09 10:17:10.682731,2089.6,108.37278485298157,10.242458820343018,0,1
2021-04-09 10:17:10.685622,2089.6,104.02236199378967,4.3504228591918945,0,1
2021-04-09 10:17:20.564678,2089.6,109.54819583892822,5.52583384513855,0,1
2021-04-09 10:17:20.567800,2089.6,105.19787406921387,4.3503217697143555,0,1
2021-04-09 10:17:32.970560,2089.6,113.24734807014465,8.049474000930786,0,1
2021-04-09 10:17:32.973669,2089.6,108.8971221446991,4.350225925445557,0,1
2021-04-09 10:17:45.596774,1393.0666666666666,117.16684603691101,8.269723892211914,0,1
2021-04-09 10:17:45.598581,1393.0666666666666,112.8153829574585,4.351463079452515,0,1
2021-04-09 10:18:01.606476,1393.0666666666666,124.46988010406494,11.654497146606445,0,1
2021-04-09 10:18:01.608028,1393.0666666666666,120.11809492111206,4.351785182952881,0,1
2021-04-09 10:18:14.240225,1393.0666666666666,128.39702105522156,8.278926134109497,0,1
2021-04-09 10:18:14.241790,1393.0666666666666,124.0451979637146,4.351823091506958,0,1
2021-04-09 10:18:24.464267,1393.0666666666666,129.91434407234192,5.869146108627319,0,1
2021-04-09 10:18:24.467151,1393.0666666666666,125.56394600868225,4.350398063659668,0,1
2021-04-09 10:18:40.304500,2089.6,137.04791116714478,11.483965158462524,0,1
2021-04-09 10:18:40.307747,2089.6,132.6978199481964,4.350091218948364,0,1
2021-04-09 10:18:50.386854,2089.6,138.4236478805542,5.725827932357788,0,1
2021-04-09 10:18:50.388436,2089.6,134.07190012931824,4.351747751235962,0,1
2021-04-09 10:19:00.289699,2089.6,139.61966609954834,5.5477659702301025,0,1
2021-04-09 10:19:00.292127,2089.6,135.26888585090637,4.350780248641968,0,1
2021-04-09 10:19:09.921849,1044.8,136.01423597335815,0.7453501224517822,0,1
2021-04-09 10:19:24.796537,1044.8,146.53557896614075,10.521342992782593,0,1
2021-04-09 10:19:24.800070,1044.8,137.65478515625,8.880793809890747,0,1
2021-04-09 10:19:36.810819,1741.3333333333333,143.44647192955017,5.791686773300171,0,1
2021-04-09 10:19:36.812227,1741.3333333333333,139.0945429801941,4.351928949356079,0,1
2021-04-09 10:19:49.319512,1741.3333333333333,142.71747589111328,3.6229329109191895,0,1
2021-04-09 10:19:59.516016,1741.3333333333333,148.5606529712677,5.843177080154419,0,1
2021-04-09 10:19:59.519755,1741.3333333333333,139.68003797531128,8.880614995956421,0,1
2021-04-09 10:20:06.066105,1741.3333333333333,141.87303185462952,2.1929938793182373,0,1
2021-04-09 10:20:16.775322,1741.3333333333333,143.69796586036682,1.8249340057373047,0,1
2021-04-09 10:20:16.778238,1741.3333333333333,139.34754705429077,4.35041880607605,0,1
2021-04-09 10:20:32.086033,1741.3333333333333,145.77099609375,6.4234490394592285,0,1
2021-04-09 10:20:32.087663,1741.3333333333333,141.4192910194397,4.351705074310303,0,1
2021-04-09 10:20:38.815412,1741.3333333333333,139.26261615753174,2.156674861907959,0,1
2021-04-09 10:20:50.072597,1741.3333333333333,146.16653203964233,6.903915882110596,0,1
2021-04-09 10:20:50.075508,1741.3333333333333,137.2850182056427,8.881513833999634,0,1
2021-04-09 10:21:03.263708,1741.3333333333333,146.11997509002686,8.834956884384155,0,1
2021-04-09 10:21:03.266676,1741.3333333333333,137.23864698410034,8.881328105926514,0,1
2021-04-09 10:21:09.594819,1393.0666666666666,139.21332502365112,1.9746780395507812,0,1
2021-04-09 10:21:21.795827,1393.0666666666666,142.5299689769745,3.3166439533233643,0,1
2021-04-09 10:21:34.218224,1393.0666666666666,117.63809013366699,24.891878843307495,0,1
2021-04-09 10:21:34.221718,1393.0666666666666,113.28825616836548,4.349833965301514,0,1
2021-04-09 10:21:44.263487,1393.0666666666666,118.97674512863159,5.688488960266113,0,1
2021-04-09 10:21:44.266753,1393.0666666666666,114.62675499916077,4.349990129470825,0,1
2021-04-09 10:21:54.712583,1393.0666666666666,120.7191150188446,6.092360019683838,0,1
2021-04-09 10:21:54.715599,1393.0666666666666,116.36880803108215,4.350306987762451,0,1
2021-04-09 10:22:05.516801,2089.6,122.81667304039001,6.447865009307861,0,1
2021-04-09 10:22:05.520259,2089.6,118.46676778793335,4.349905252456665,0,1
2021-04-09 10:22:18.463901,2089.6,127.05710411071777,8.590336322784424,0,1
2021-04-09 10:22:18.466802,2089.6,122.70666694641113,4.350437164306641,0,1
2021-04-09 10:22:34.132224,2089.6,134.0187611579895,11.31209421157837,0,1
2021-04-09 10:22:34.135450,2089.6,129.66871190071106,4.350049257278442,0,1
2021-04-09 10:22:44.191542,1741.3333333333333,135.37139296531677,5.702681064605713,0,1
2021-04-09 10:22:44.194692,1741.3333333333333,126.49021482467651,8.881178140640259,0,1
2021-04-09 10:22:55.220724,1741.3333333333333,133.1630392074585,6.672824382781982,0,1
2021-04-09 10:22:55.224010,1741.3333333333333,128.81286001205444,4.350179195404053,0,1
2021-04-09 10:23:01.380080,1741.3333333333333,130.6155960559845,1.8027360439300537,0,1
2021-04-09 10:23:12.361294,1393.0666666666666,132.71246314048767,2.096867084503174,0,1
2021-04-09 10:23:23.791400,1393.0666666666666,89.72595691680908,42.98650622367859,0,1
2021-04-09 10:23:23.792977,1393.0666666666666,85.3741340637207,4.351822853088379,0,1
2021-04-09 10:23:30.714325,1393.0666666666666,87.94215202331543,2.5680179595947266,0,1
2021-04-09 10:23:40.721086,2089.6,93.59558701515198,5.653434991836548,0,1
2021-04-09 10:23:40.722694,2089.6,89.24384903907776,4.351737976074219,0,1
2021-04-09 10:23:50.612643,2089.6,94.7804639339447,5.536614894866943,0,1
2021-04-09 10:23:50.614161,2089.6,90.42865896224976,4.351804971694946,0,1
2021-04-09 10:24:00.514261,2089.6,95.97553610801697,5.546877145767212,0,1
2021-04-09 10:24:00.517344,2089.6,91.62517189979553,4.3503642082214355,0,1
2021-04-09 10:24:10.613174,1741.3333333333333,97.36766505241394,5.742493152618408,0,1
2021-04-09 10:24:10.616320,1741.3333333333333,93.01757478713989,4.350090265274048,0,1
2021-04-09 10:24:20.671353,1741.3333333333333,98.71924901008606,5.701674222946167,0,1
2021-04-09 10:24:20.672894,1741.3333333333333,94.36736607551575,4.3518829345703125,0,1
2021-04-09 10:24:31.875659,1741.3333333333333,101.21687197685242,6.84950590133667,0,1
2021-04-09 10:24:42.121034,1044.8,107.1088798046112,5.892007827758789,0,1
2021-04-09 10:24:54.912059,1044.8,115.54655504226685,8.43767523765564,0,1
2021-04-09 10:25:04.591954,1044.8,120.87316799163818,5.326612949371338,0,1
2021-04-09 10:25:17.056100,696.5333333333333,128.98393082618713,8.11076283454895,0,1
2021-04-09 10:25:26.010772,696.5333333333333,133.58525896072388,4.601328134536743,0,1
2021-04-09 10:25:40.633211,696.5333333333333,143.85437083244324,10.26911187171936,0,1
2021-04-09 10:25:52.151640,696.5333333333333,151.01958799362183,7.165217161178589,0,1
2021-04-09 10:26:05.075158,1044.8,159.58965516090393,8.570067167282104,0,1
2021-04-09 10:26:18.975426,1044.8,169.1366469860077,9.54699182510376,0,1
2021-04-09 10:26:29.771789,1044.8,175.57969903945923,6.443052053451538,0,1
2021-04-09 10:26:44.130714,696.5333333333333,185.58520698547363,10.005507946014404,0,1
2021-04-09 10:26:56.011071,696.5333333333333,193.1122329235077,7.527025938034058,0,1
2021-04-09 10:27:09.015647,1044.8,201.7634768486023,8.651243925094604,0,1
2021-04-09 10:27:19.264038,1044.8,207.65862607955933,5.895149230957031,0,1
2021-04-09 10:27:30.070816,1044.8,214.11197113990784,6.453345060348511,0,1
2021-04-09 10:27:41.372479,696.5333333333333,221.0603060722351,6.9483349323272705,0,1
2021-04-09 10:27:58.375398,696.5333333333333,233.70996189117432,12.649655818939209,0,1
2021-04-09 10:28:10.891435,1044.8,237.5192677974701,3.8093059062957764,0,1
2021-04-09 10:28:23.395187,1044.8,241.3164038658142,3.797136068344116,0,1
2021-04-09 10:28:30.770509,1044.8,239.98501992225647,1.3313839435577393,0,1
2021-04-09 10:28:41.872446,1741.3333333333333,233.196515083313,6.7885048389434814,0,1
2021-04-09 10:28:41.875186,1741.3333333333333,224.4926040172577,8.703911066055298,0,1
2021-04-09 10:28:49.552988,1741.3333333333333,223.46374011039734,1.0288639068603516,0,1
2021-04-09 10:29:03.325799,1741.3333333333333,199.92226600646973,23.541474103927612,0,1
2021-04-09 10:29:03.329351,1741.3333333333333,191.21914386749268,8.70312213897705,0,1
2021-04-09 10:29:24.429628,348.26666666666665,203.61277294158936,12.39362907409668,0,1
2021-04-09 10:29:40.753091,696.5333333333333,211.22955203056335,7.616779088973999,0,1
2021-04-09 10:29:50.905626,696.5333333333333,212.67551612854004,1.4459640979766846,0,1
2021-04-09 10:30:06.472639,1741.3333333333333,210.35203003883362,2.323486089706421,0,1
2021-04-09 10:30:06.476767,1741.3333333333333,201.6494779586792,8.702552080154419,0,1
2021-04-09 10:30:18.577222,1741.3333333333333,176.43565106391907,25.213826894760132,0,1
2021-04-09 10:30:29.323443,1741.3333333333333,178.47520685195923,2.039555788040161,0,1
2021-04-09 10:30:29.326410,1741.3333333333333,169.77150797843933,8.703698873519897,0,1
2021-04-09 10:30:36.628857,1393.0666666666666,168.36735486984253,1.4041531085968018,0,1
2021-04-09 10:30:51.104385,1393.0666666666666,174.13615083694458,5.768795967102051,0,1
2021-04-09 10:31:00.808018,1393.0666666666666,146.52561688423157,27.610533952713013,0,1
2021-04-09 10:31:00.811504,1393.0666666666666,142.17567777633667,4.3499391078948975,0,1
2021-04-09 10:31:11.306232,2089.6,148.3170509338379,6.141373157501221,0,1
2021-04-09 10:31:11.309766,2089.6,143.96733212471008,4.349718809127808,0,1
2021-04-09 10:31:21.148743,2089.6,149.45294380187988,5.4856116771698,0,1
2021-04-09 10:31:21.150650,2089.6,145.10144901275635,4.351494789123535,0,1
2021-04-09 10:31:31.965923,2089.6,151.563490152359,6.462041139602661,0,1
2021-04-09 10:31:31.969424,2089.6,147.21363306045532,4.3498570919036865,0,1
2021-04-09 10:31:40.918438,696.5333333333333,149.9436559677124,2.73002290725708,0,1
2021-04-09 10:31:53.477876,696.5333333333333,144.3640959262848,5.579560041427612,0,1
2021-04-09 10:32:09.302972,1741.3333333333333,100.18917298316956,44.174922943115234,0,1
2021-04-09 10:32:20.552671,1741.3333333333333,107.08546590805054,6.8962929248809814,0,1
2021-04-09 10:32:20.555212,1741.3333333333333,102.73461508750916,4.350850820541382,0,1
2021-04-09 10:32:32.099529,1741.3333333333333,109.92565512657166,7.1910400390625,0,1
2021-04-09 10:32:32.102795,1741.3333333333333,105.57553195953369,4.350123167037964,0,1
2021-04-09 10:32:44.884818,1393.0666666666666,114.00422215461731,8.428690195083618,0,1
2021-04-09 10:32:44.887873,1393.0666666666666,109.65394592285156,4.350276231765747,0,1
2021-04-09 10:32:56.384388,1393.0666666666666,116.79719591140747,7.143249988555908,0,1
2021-04-09 10:32:56.385974,1393.0666666666666,112.44544386863708,4.351752042770386,0,1
2021-04-09 10:33:07.888433,2089.6,119.59450888633728,7.149065017700195,0,1
2021-04-09 10:33:07.891862,2089.6,115.24460697174072,4.349901914596558,0,1
2021-04-09 10:33:20.503960,2089.6,123.5034167766571,8.258809804916382,0,1
2021-04-09 10:33:20.506052,2089.6,119.152184009552,4.3512327671051025,0,1
2021-04-09 10:33:33.125038,2089.6,127.41784000396729,8.265655994415283,0,1
2021-04-09 10:33:33.127972,2089.6,123.06738591194153,4.350454092025757,0,1
2021-04-09 10:33:46.969692,1393.0666666666666,132.55581998825073,9.488434076309204,0,1
2021-04-09 10:33:46.971116,1393.0666666666666,128.2039110660553,4.351908922195435,0,1
2021-04-09 10:33:59.193054,1393.0666666666666,136.07245588302612,7.868544816970825,0,1
2021-04-09 10:33:59.194640,1393.0666666666666,131.7206928730011,4.351763010025024,0,1
2021-04-09 10:34:09.463419,1741.3333333333333,137.6361598968506,5.915467023849487,0,1
2021-04-09 10:34:09.466690,1741.3333333333333,133.28616094589233,4.349998950958252,0,1
2021-04-09 10:34:16.555706,1741.3333333333333,131.49075603485107,1.7954049110412598,0,1
2021-04-09 10:34:28.395673,1741.3333333333333,138.97739005088806,7.486634016036987,0,1
2021-04-09 10:34:28.399606,1741.3333333333333,132.7622790336609,6.215111017227173,0,1
2021-04-09 10:34:38.272584,2089.6,138.281977891922,5.519698858261108,0,1
2021-04-09 10:34:38.275389,2089.6,129.40036797523499,8.881609916687012,0,1
2021-04-09 10:34:45.366746,2089.6,132.13846802711487,2.738100051879883,0,1
2021-04-09 10:34:55.385447,2089.6,133.2727460861206,1.1342780590057373,0,1
2021-04-09 10:34:55.388590,2089.6,124.39153504371643,8.881211042404175,0,1
2021-04-09 10:35:03.894799,2089.6,128.54452991485596,4.152994871139526,0,1
2021-04-09 10:35:16.414333,1044.8,132.1797001361847,3.6351702213287354,0,1
2021-04-09 10:35:16.417370,1044.8,127.82929515838623,4.350404977798462,0,1
2021-04-09 10:35:23.874366,1044.8,126.40193295478821,1.4273622035980225,0,1
2021-04-09 10:35:36.826788,2089.6,135.00102305412292,8.599090099334717,0,1
2021-04-09 10:35:36.830242,2089.6,126.12011003494263,8.880913019180298,0,1
2021-04-09 10:35:47.586844,2089.6,132.52350902557373,6.4033989906311035,0,1
2021-04-09 10:35:47.590167,2089.6,123.64249300956726,8.88101601600647,0,1
2021-04-09 10:36:00.523029,2089.6,132.2218930721283,8.579400062561035,0,1
2021-04-09 10:36:00.526070,2089.6,123.34058213233948,8.881310939788818,0,1
2021-04-09 10:36:11.215893,1044.8,129.67706608772278,6.336483955383301,0,1
2021-04-09 10:36:22.485443,1044.8,136.59328603744507,6.91621994972229,0,1
2021-04-09 10:36:22.487031,1044.8,127.7106339931488,8.882652044296265,0,1
2021-04-09 10:36:37.414221,1393.0666666666666,138.2844660282135,10.573832035064697,0,1
2021-04-09 10:36:37.417247,1393.0666666666666,129.40310406684875,8.881361961364746,0,1
2021-04-09 10:36:51.137387,1393.0666666666666,138.76985502243042,9.366750955581665,0,1
2021-04-09 10:36:51.140742,1393.0666666666666,134.41987800598145,4.349977016448975,0,1
2021-04-09 10:37:07.320531,2089.6,141.71530985832214,7.295431852340698,0,1
2021-04-09 10:37:07.323404,2089.6,137.3649320602417,4.350377798080444,0,1
2021-04-09 10:37:19.938821,2089.6,145.6269371509552,8.262005090713501,0,1
2021-04-09 10:37:19.942431,2089.6,136.74625086784363,8.880686283111572,0,1
2021-04-09 10:37:31.130713,2089.6,143.58114099502563,6.834890127182007,0,1
2021-04-09 10:37:31.133741,2089.6,139.2308897972107,4.350251197814941,0,1
2021-04-09 10:37:43.512771,1741.3333333333333,142.7256259918213,3.4947361946105957,0,1
2021-04-09 10:37:43.515853,1741.3333333333333,138.3752579689026,4.350368022918701,0,1
2021-04-09 10:37:50.574958,1741.3333333333333,136.55001306533813,1.8252449035644531,0,1
2021-04-09 10:38:02.553651,1741.3333333333333,144.17534518241882,7.6253321170806885,0,1
2021-04-09 10:38:02.556380,1741.3333333333333,139.82477402687073,4.350571155548096,0,1
2021-04-09 10:38:12.463682,1044.8,145.378732919693,5.553958892822266,0,1
2021-04-09 10:38:12.466740,1044.8,136.49744296073914,8.881289958953857,0,1
2021-04-09 10:38:25.671026,1044.8,112.38740801811218,24.110034942626953,0,1
2021-04-09 10:38:37.682002,2089.6,120.04521107673645,7.657803058624268,0,1
2021-04-09 10:38:37.685225,2089.6,115.69495797157288,4.350253105163574,0,1
2021-04-09 10:38:49.398579,2089.6,123.05498695373535,7.360028982162476,0,1
2021-04-09 10:38:49.402023,2089.6,118.70510601997375,4.349880933761597,0,1
2021-04-09 10:39:00.743911,2089.6,125.69370293617249,6.9885969161987305,0,1
2021-04-09 10:39:00.746969,2089.6,121.3433849811554,4.35031795501709,0,1
2021-04-09 10:39:09.872220,696.5333333333333,126.11530804634094,4.771923065185547,0,1
2021-04-09 10:39:23.955725,696.5333333333333,135.8454248905182,9.730116844177246,0,1
2021-04-09 10:39:36.552307,1044.8,144.08872485160828,8.243299961090088,0,1
2021-04-09 10:39:45.871955,1044.8,149.05502891540527,4.966304063796997,0,1
2021-04-09 10:39:59.455956,1044.8,158.28582191467285,9.230792999267578,0,1
2021-04-09 10:40:18.090769,696.5333333333333,168.03625893592834,9.750437021255493,0,1
2021-04-09 10:40:28.935350,696.5333333333333,174.52740788459778,6.491148948669434,0,1
2021-04-09 10:40:47.017422,348.26666666666665,183.72512984275818,9.1977219581604,0,1
2021-04-09 10:41:07.284415,1044.8,149.57545590400696,34.14967393875122,0,1
2021-04-09 10:41:17.520084,1044.8,155.45777988433838,5.882323980331421,0,1
2021-04-09 10:41:28.151293,1044.8,157.3823311328888,1.924551248550415,0,1
2021-04-09 10:41:40.612765,1044.8,161.13710403442383,3.754772901535034,0,1
2021-04-09 10:41:52.632763,1044.8,164.45053386688232,3.313429832458496,0,1
2021-04-09 10:42:03.438582,1044.8,166.54962491989136,2.099091053009033,0,1
2021-04-09 10:42:18.911166,696.5333333333333,173.31562995910645,6.766005039215088,0,1
2021-04-09 10:42:30.615426,696.5333333333333,176.3131799697876,2.9975500106811523,0,1
2021-04-09 10:42:51.721678,696.5333333333333,188.7127001285553,12.3995201587677,0,1
2021-04-09 10:43:03.871915,696.5333333333333,192.1562900543213,3.443589925765991,0,1
2021-04-09 10:43:16.912314,696.5333333333333,196.49012804031372,4.333837985992432,0,1
2021-04-09 10:43:27.308925,696.5333333333333,198.17997694015503,1.6898488998413086,0,1
2021-04-09 10:43:37.740225,696.5333333333333,199.90460205078125,1.7246251106262207,0,1
2021-04-09 10:43:50.400974,696.5333333333333,203.85867714881897,3.9540750980377197,0,1
2021-04-09 10:44:08.520116,1393.0666666666666,213.2711579799652,9.41248083114624,0,1
2021-04-09 10:44:21.713057,1393.0666666666666,217.75743007659912,4.486272096633911,0,1
2021-04-09 10:44:34.413272,1393.0666666666666,221.75098085403442,3.9935507774353027,0,1
2021-04-09 10:44:34.414759,1393.0666666666666,213.04580283164978,8.705178022384644,0,1
2021-04-09 10:44:42.056546,1044.8,211.98092603683472,1.0648767948150635,0,1
2021-04-09 10:44:57.820059,1044.8,219.0377721786499,7.0568461418151855,0,1
2021-04-09 10:44:57.823223,1044.8,210.33426117897034,8.703510999679565,0,1
2021-04-09 10:45:05.094438,1393.0666666666666,208.89881110191345,1.4354500770568848,0,1
2021-04-09 10:45:16.214601,1393.0666666666666,211.3123710155487,2.413559913635254,0,1
2021-04-09 10:45:16.219229,1393.0666666666666,202.61025595664978,8.702115058898926,0,1
2021-04-09 10:45:26.329586,1393.0666666666666,204.01396107673645,1.40370512008667,0,1
2021-04-09 10:45:41.552149,1393.0666666666666,181.92226314544678,22.091697931289673,0,1
2021-04-09 10:45:41.555028,1393.0666666666666,173.21844005584717,8.70382308959961,0,1
2021-04-09 10:45:50.493931,1393.0666666666666,173.45067811012268,0.2322380542755127,0,1
2021-04-09 10:46:01.195016,1393.0666666666666,175.44510984420776,1.994431734085083,0,1
2021-04-09 10:46:12.555773,1741.3333333333333,149.49157691001892,25.953532934188843,0,1
2021-04-09 10:46:12.558721,1741.3333333333333,140.78785705566406,8.703719854354858,0,1
2021-04-09 10:46:23.347520,1741.3333333333333,142.87005519866943,2.082198143005371,0,1
2021-04-09 10:46:23.350776,1741.3333333333333,134.16650104522705,8.703554153442383,0,1
2021-04-09 10:46:33.853884,1741.3333333333333,107.3555109500885,26.81099009513855,0,1
2021-04-09 10:46:45.988255,1393.0666666666666,115.13642907142639,7.780918121337891,0,1
2021-04-09 10:46:45.991819,1393.0666666666666,110.78666996955872,4.349759101867676,0,1
2021-04-09 10:46:56.620208,1393.0666666666666,117.06178903579712,6.275119066238403,0,1
2021-04-09 10:46:56.623329,1393.0666666666666,112.71149897575378,4.350290060043335,0,1
2021-04-09 10:47:06.904668,2089.6,118.63951802253723,5.928019046783447,0,1
2021-04-09 10:47:06.907769,2089.6,114.28939700126648,4.350121021270752,0,1
2021-04-09 10:47:18.589567,2089.6,121.61775183677673,7.328354835510254,0,1
2021-04-09 10:47:18.591410,2089.6,117.26624298095703,4.351508855819702,0,1
2021-04-09 10:47:28.284238,2089.6,122.60575103759766,5.339508056640625,0,1
2021-04-09 10:47:28.285836,2089.6,118.25402188301086,4.351729154586792,0,1
2021-04-09 10:47:42.735016,1741.3333333333333,128.34986305236816,10.0958411693573,0,1
2021-04-09 10:47:42.738024,1741.3333333333333,123.99953293800354,4.350330114364624,0,1
2021-04-09 10:47:52.606423,1741.3333333333333,124.98364496231079,0.984112024307251,0,1
2021-04-09 10:47:52.609953,1741.3333333333333,120.63378381729126,4.349861145019531,0,1
2021-04-09 10:47:58.986770,1741.3333333333333,118.12624502182007,2.5075387954711914,0,1
2021-04-09 10:48:13.110822,696.5333333333333,127.89701795578003,9.770772933959961,0,1
2021-04-09 10:48:13.112397,696.5333333333333,123.54521083831787,4.351807117462158,0,1
2021-04-09 10:48:35.620950,1741.3333333333333,141.700443983078,18.155233144760132,0,1
2021-04-09 10:48:35.622670,1741.3333333333333,137.34886002540588,4.351583957672119,0,1
2021-04-09 10:48:48.596414,1741.3333333333333,145.9692621231079,8.620402097702026,0,1
2021-04-09 10:48:48.601337,1741.3333333333333,137.0897970199585,8.879465103149414,0,1
2021-04-09 10:48:55.331416,1741.3333333333333,131.01595377922058,6.073843240737915,0,1
2021-04-09 10:49:06.211751,2089.6,137.54305696487427,6.5271031856536865,0,1
2021-04-09 10:49:06.214782,2089.6,133.192645072937,4.350411891937256,0,1
2021-04-09 10:49:16.485799,2089.6,139.11033296585083,5.917687892913818,0,1
2021-04-09 10:49:16.489028,2089.6,134.76021790504456,4.350115060806274,0,1
2021-04-09 10:49:27.126264,2089.6,141.0441381931305,6.2839202880859375,0,1
2021-04-09 10:49:27.131271,2089.6,132.16478085517883,8.87935733795166,0,1
2021-04-09 10:49:35.994139,1741.3333333333333,136.67437505722046,4.509594202041626,0,1
2021-04-09 10:49:47.084806,1741.3333333333333,138.88063287734985,2.2062578201293945,0,1
2021-04-09 10:49:47.086437,1741.3333333333333,134.52895402908325,4.351678848266602,0,1
2021-04-09 10:50:04.026162,1741.3333333333333,142.58430194854736,8.055347919464111,0,1
2021-04-09 10:50:04.029732,1741.3333333333333,138.23459196090698,4.349709987640381,0,1
2021-04-09 10:50:13.901150,1044.8,143.7527379989624,5.51814603805542,0,1
2021-04-09 10:50:13.904310,1044.8,134.8714199066162,8.881318092346191,0,1
2021-04-09 10:50:22.268458,1044.8,138.88223791122437,4.010818004608154,0,1
2021-04-09 10:50:35.681794,1741.3333333333333,143.41130590438843,4.5290679931640625,0,1
2021-04-09 10:50:35.683376,1741.3333333333333,139.0594711303711,4.351834774017334,0,1
2021-04-09 10:50:48.003283,1741.3333333333333,142.49503207206726,3.435560941696167,0,1
2021-04-09 10:51:01.461588,1741.3333333333333,101.53665685653687,40.958375215530396,0,1
2021-04-09 10:51:01.464814,1741.3333333333333,97.1866090297699,4.350047826766968,0,1
2021-04-09 10:51:19.414342,1393.0666666666666,110.78287482261658,13.59626579284668,0,1
2021-04-09 10:51:19.417434,1393.0666666666666,106.43251299858093,4.3503618240356445,0,1
2021-04-09 10:51:29.496044,1393.0666666666666,112.15785098075867,5.725337982177734,0,1
2021-04-09 10:51:29.497637,1393.0666666666666,107.80609703063965,4.3517539501190186,0,1
2021-04-09 10:51:40.390125,1044.8,114.34519004821777,6.539093017578125,0,1
2021-04-09 10:51:52.724595,1044.8,122.32647013664246,7.981280088424683,0,1
2021-04-09 10:51:52.725966,1044.8,117.97443199157715,4.352038145065308,0,1
2021-04-09 10:52:09.277149,2089.6,130.1722218990326,12.197789907455444,0,1
2021-04-09 10:52:09.278849,2089.6,125.82062292098999,4.3515989780426025,0,1
2021-04-09 10:52:21.524736,2089.6,133.71314096450806,7.892518043518066,0,1
2021-04-09 10:52:21.527106,2089.6,129.36217212677002,4.350968837738037,0,1
2021-04-09 10:52:33.255954,2089.6,136.73769402503967,7.375521898269653,0,1
2021-04-09 10:52:33.260771,2089.6,132.3891839981079,4.348510026931763,0,1
2021-04-09 10:52:42.542364,1393.0666666666666,137.31743478775024,4.928250789642334,0,1
2021-04-09 10:52:42.543631,1393.0666666666666,132.96542811393738,4.352006673812866,0,1
2021-04-09 10:52:55.756242,1393.0666666666666,141.82463097572327,8.859202861785889,0,1
2021-04-09 10:52:55.759820,1393.0666666666666,137.47489595413208,4.3497350215911865,0,1
2021-04-09 10:53:06.183501,2089.6,143.54535388946533,6.070457935333252,0,1
2021-04-09 10:53:06.186936,2089.6,139.1954197883606,4.349934101104736,0,1
2021-04-09 10:53:17.861747,2089.6,146.51687812805176,7.321458339691162,0,1
2021-04-09 10:53:17.863222,2089.6,142.16506576538086,4.351812362670898,0,1
2021-04-09 10:53:28.520826,2089.6,148.46922898292542,6.304163217544556,0,1
2021-04-09 10:53:28.523846,2089.6,139.58789682388306,8.881332159042358,0,1
2021-04-09 10:53:39.311442,1741.3333333333333,113.06126189231873,26.52663493156433,0,1
2021-04-09 10:53:49.721696,1741.3333333333333,119.11812400817871,6.056862115859985,0,1
2021-04-09 10:53:49.723272,1741.3333333333333,114.76637506484985,4.351748943328857,0,1
2021-04-09 10:54:00.701014,1741.3333333333333,121.39086294174194,6.62448787689209,0,1
2021-04-09 10:54:00.702597,1741.3333333333333,117.03903198242188,4.351830959320068,0,1
2021-04-09 10:54:13.143749,2089.6,125.12685704231262,8.087825059890747,0,1
2021-04-09 10:54:13.147030,2089.6,120.77688217163086,4.349974870681763,0,1
2021-04-09 10:54:25.003267,2089.6,123.74872899055481,2.97184681892395,0,1
2021-04-09 10:54:25.004921,2089.6,119.39699792861938,4.351731061935425,0,1
2021-04-09 10:54:34.890317,2089.6,124.92906904220581,5.532071113586426,0,1
2021-04-09 10:54:34.893618,2089.6,120.57902908325195,4.350039958953857,0,1
2021-04-09 10:54:46.439850,1393.0666666666666,123.24097609519958,2.661947011947632,0,1
2021-04-09 10:54:46.441423,1393.0666666666666,118.8892240524292,4.351752042770386,0,1
2021-04-09 10:54:56.496733,1393.0666666666666,124.59112286567688,5.701898813247681,0,1
2021-04-09 10:54:56.498330,1393.0666666666666,120.23947620391846,4.351646661758423,0,1
2021-04-09 10:55:13.805306,1044.8,133.19303703308105,12.953560829162598,0,1
2021-04-09 10:55:13.806848,1044.8,128.84123611450195,4.351800918579102,0,1
2021-04-09 10:55:21.631552,1044.8,127.7815990447998,1.0596370697021484,0,1
2021-04-09 10:55:36.114440,2089.6,137.91113901138306,10.129539966583252,0,1
2021-04-09 10:55:36.115969,2089.6,129.02836203575134,8.882776975631714,0,1
2021-04-09 10:55:47.798396,2089.6,136.35741519927979,7.329053163528442,0,1
2021-04-09 10:55:47.801867,2089.6,132.0076880455017,4.349727153778076,0,1
2021-04-09 10:55:59.885146,2089.6,139.7375078201294,7.7298197746276855,0,1
2021-04-09 10:55:59.890151,2089.6,130.8581519126892,8.879355907440186,0,1
2021-04-09 10:56:08.576686,1393.0666666666666,126.74082398414612,4.117327928543091,0,1
2021-04-09 10:56:19.680433,1393.0666666666666,133.49123406410217,6.750410079956055,0,1
2021-04-09 10:56:19.683572,1393.0666666666666,129.14106607437134,4.350167989730835,0,1
2021-04-09 10:56:31.075484,1393.0666666666666,136.17956495285034,7.038498878479004,0,1
2021-04-09 10:56:41.085442,1393.0666666666666,137.30517196655273,1.1256070137023926,0,1
2021-04-09 10:56:41.087020,1393.0666666666666,132.95342087745667,4.351751089096069,0,1
2021-04-09 10:56:49.892514,1393.0666666666666,137.40562987327576,4.452208995819092,0,1
2021-04-09 10:57:02.171625,1393.0666666666666,145.3313388824463,7.925709009170532,0,1
2021-04-09 10:57:18.015437,696.5333333333333,156.82188391685486,11.49054503440857,0,1
2021-04-09 10:57:30.248381,696.5333333333333,164.701495885849,7.879611968994141,0,1
2021-04-09 10:57:43.746536,696.5333333333333,169.31523895263672,4.61374306678772,0,1
2021-04-09 10:57:58.515988,696.5333333333333,179.73135018348694,10.41611123085022,0,1
2021-04-09 10:58:17.137923,348.26666666666665,189.46900701522827,9.737656831741333,0,1
2021-04-09 10:58:39.016327,696.5333333333333,156.93074488639832,32.538262128829956,0,1
2021-04-09 10:58:53.012191,696.5333333333333,166.5732080936432,9.642463207244873,0,1
2021-04-09 10:59:10.511642,696.5333333333333,179.71944093704224,13.146232843399048,0,1
2021-04-09 10:59:20.912465,696.5333333333333,185.76692819595337,6.047487258911133,0,1
2021-04-09 10:59:35.535716,1044.8,196.03678107261658,10.269852876663208,0,1
2021-04-09 10:59:44.492354,1044.8,200.64004182815552,4.60326075553894,0,1
2021-04-09 10:59:59.117442,1044.8,210.9117980003357,10.271756172180176,0,1
2021-04-09 11:00:10.279007,696.5333333333333,217.7200288772583,6.808230876922607,0,1
2021-04-09 11:00:22.333103,696.5333333333333,221.06750798225403,3.3474791049957275,0,1
2021-04-09 11:00:35.475846,696.5333333333333,225.50359296798706,4.436084985733032,0,1
2021-04-09 11:00:50.076813,696.5333333333333,231.39794397354126,5.894351005554199,0,1
2021-04-09 11:01:05.369283,1044.8,237.98354697227478,6.5856029987335205,0,1
2021-04-09 11:01:16.150818,1044.8,240.05850219726562,2.0749552249908447,0,1
2021-04-09 11:01:30.735063,1044.8,245.93613600730896,5.877633810043335,0,1
2021-04-09 11:01:45.355005,696.5333333333333,251.84943103790283,5.913295030593872,0,1
2021-04-09 11:01:57.915201,696.5333333333333,255.70288395881653,3.8534529209136963,0,1
2021-04-09 11:02:08.530647,696.5333333333333,257.61171293258667,1.9088289737701416,0,1
2021-04-09 11:02:27.161307,696.5333333333333,267.5357232093811,9.924010276794434,0,1
2021-04-09 11:02:51.555940,696.5333333333333,239.69035387039185,27.845369338989258,0,1
2021-04-09 11:03:04.176479,696.5333333333333,243.6041660308838,3.9138121604919434,0,1
2021-04-09 11:03:22.011709,348.26666666666665,252.73273086547852,9.128564834594727,0,1
2021-04-09 11:03:40.874684,696.5333333333333,253.7052960395813,0.9725651741027832,0,1
2021-04-09 11:03:53.650792,696.5333333333333,257.7747278213501,4.069431781768799,0,1
2021-04-09 11:04:07.403798,696.5333333333333,262.8210611343384,5.046333312988281,0,1
2021-04-09 11:04:27.048190,696.5333333333333,245.15118408203125,17.66987705230713,0,1
2021-04-09 11:04:41.525381,696.5333333333333,250.92170310020447,5.770519018173218,0,1
2021-04-09 11:04:51.965538,696.5333333333333,252.65526509284973,1.7335619926452637,0,1
2021-04-09 11:05:08.705553,696.5333333333333,260.68854117393494,8.033276081085205,0,1
2021-04-09 11:05:22.216748,696.5333333333333,265.49307203292847,4.80453085899353,0,1
2021-04-09 11:05:38.324363,696.5333333333333,272.89413595199585,7.401063919067383,0,1
2021-04-09 11:05:54.181245,696.5333333333333,251.4366171360016,21.457518815994263,0,1
2021-04-09 11:06:06.851528,696.5333333333333,255.40022683143616,3.9636096954345703,0,1
2021-04-09 11:06:21.294523,696.5333333333333,261.13644099235535,5.7362141609191895,0,1
2021-04-09 11:06:36.828151,1044.8,267.96358704566956,6.827146053314209,0,1
2021-04-09 11:06:48.599993,1044.8,254.12752199172974,13.83606505393982,0,1
2021-04-09 11:07:00.670801,1044.8,257.49166202545166,3.364140033721924,0,1
2021-04-09 11:07:10.204496,1044.8,258.3186848163605,0.8270227909088135,0,1
2021-04-09 11:07:19.944264,1044.8,230.7441668510437,27.574517965316772,0,1
2021-04-09 11:07:30.832156,1044.8,181.63191604614258,49.11225080490112,0,1
2021-04-09 11:07:41.884300,1393.0666666666666,183.9772629737854,2.3453469276428223,0,1
2021-04-09 11:07:41.888858,1393.0666666666666,175.27515816688538,8.702104806900024,0,1
2021-04-09 11:07:52.553833,1393.0666666666666,177.23346710205078,1.9583089351654053,0,1
2021-04-09 11:08:01.013101,1393.0666666666666,176.9860761165619,0.2473909854888916,0,1
2021-04-09 11:08:11.908716,1393.0666666666666,179.17501592636108,2.1889398097991943,0,1
2021-04-09 11:08:11.912069,1393.0666666666666,170.47170400619507,8.703311920166016,0,1
2021-04-09 11:08:18.296605,1393.0666666666666,168.14966106414795,2.322042942047119,0,1
2021-04-09 11:08:30.000044,1393.0666666666666,171.14644813537598,2.9967870712280273,0,1
2021-04-09 11:08:42.033344,696.5333333333333,130.93964910507202,40.206799030303955,0,1
2021-04-09 11:08:55.205755,696.5333333333333,135.4053909778595,4.465741872787476,0,1
2021-04-09 11:09:09.333336,1044.8,140.82630014419556,5.42090916633606,0,1
2021-04-09 11:09:20.520951,1044.8,147.6605989933014,6.834298849105835,0,1
2021-04-09 11:09:29.672408,1044.8,152.4587061405182,4.798107147216797,0,1
2021-04-09 11:09:43.073910,696.5333333333333,161.5068280696869,9.048121929168701,0,1
2021-04-09 11:09:56.132435,696.5333333333333,165.68104910850525,4.174221038818359,0,1
2021-04-09 11:10:07.511616,1044.8,172.70689988136292,7.025850772857666,0,1
2021-04-09 11:10:19.892534,1044.8,180.73444509506226,8.02754521369934,0,1
2021-04-09 11:10:32.715880,1044.8,189.20457196235657,8.470126867294312,0,1
2021-04-09 11:10:43.500809,696.5333333333333,191.10506987571716,1.9004979133605957,0,1
2021-04-09 11:10:54.918094,696.5333333333333,198.1690149307251,7.063945055007935,0,1
2021-04-09 11:11:10.515706,696.5333333333333,209.4133369922638,11.244322061538696,0,1
2021-04-09 11:11:25.361561,696.5333333333333,215.3747899532318,5.961452960968018,0,1
2021-04-09 11:11:46.334753,696.5333333333333,181.93145608901978,33.443333864212036,0,1
2021-04-09 11:11:58.041535,696.5333333333333,184.93143486976624,2.99997878074646,0,1
2021-04-09 11:12:11.737421,696.5333333333333,189.9206600189209,4.989225149154663,0,1
2021-04-09 11:12:25.217879,696.5333333333333,194.69445514678955,4.773795127868652,0,1
2021-04-09 11:12:35.460869,1044.8,196.23076510429382,1.5363099575042725,0,1
2021-04-09 11:12:49.013068,1044.8,201.07630491256714,4.845539808273315,0,1
2021-04-09 11:13:00.851377,1044.8,204.2080180644989,3.1317131519317627,0,1
2021-04-09 11:13:12.911235,696.5333333333333,207.56113600730896,3.3531179428100586,0,1
2021-04-09 11:13:24.615643,696.5333333333333,210.55887508392334,2.99773907661438,0,1
2021-04-09 11:13:38.496744,696.5333333333333,215.73328399658203,5.174408912658691,0,1
2021-04-09 11:14:04.035683,696.5333333333333,232.56558299064636,16.83229899406433,0,1
2021-04-09 11:14:21.320718,348.26666666666665,241.14395999908447,8.57837700843811,0,1
2021-04-09 11:14:36.257735,1044.8,247.37435913085938,6.230399131774902,0,1
2021-04-09 11:14:46.871295,1044.8,249.28127908706665,1.9069199562072754,0,1
2021-04-09 11:14:57.675549,1044.8,251.3787760734558,2.09749698638916,0,1
2021-04-09 11:15:15.925744,696.5333333333333,260.92231798171997,9.54354190826416,0,1
2021-04-09 11:15:31.444855,696.5333333333333,239.1272690296173,21.79504895210266,0,1
2021-04-09 11:15:43.793464,696.5333333333333,242.76908087730408,3.6418118476867676,0,1
2021-04-09 11:15:57.242657,696.5333333333333,247.51161193847656,4.742531061172485,0,1
2021-04-09 11:16:12.408952,696.5333333333333,253.97135400772095,6.459742069244385,0,1
2021-04-09 11:16:29.840617,696.5333333333333,262.69624304771423,8.724889039993286,0,1
2021-04-09 11:16:44.845836,696.5333333333333,268.99478697776794,6.298543930053711,0,1
2021-04-09 11:16:58.010258,696.5333333333333,244.84491300582886,24.149873971939087,0,1
2021-04-09 11:17:09.633023,696.5333333333333,247.7610239982605,2.9161109924316406,0,1
2021-04-09 11:17:22.213337,696.5333333333333,251.63474202156067,3.873718023300171,0,1
2021-04-09 11:17:42.689399,696.5333333333333,263.40406608581543,11.76932406425476,0,1
2021-04-09 11:18:04.291120,696.5333333333333,276.2991261482239,12.895060062408447,0,1
2021-04-09 11:18:33.089007,348.26666666666665,296.3903868198395,20.0912606716156,0,1
2021-04-09 11:19:15.029293,348.26666666666665,301.01635694503784,4.625970125198364,0,1
2021-04-09 11:20:12.628623,696.5333333333333,298.6156120300293,2.400744915008545,0,1
2021-04-09 11:20:34.774676,696.5333333333333,312.05487298965454,13.439260959625244,0,1
2021-04-09 11:20:49.801785,0.0,,,1,1
2021-04-09 11:21:04.828894,348.26666666666665,324.6957619190216,12.640888929367065,0,1
2021-04-09 11:21:23.728876,348.26666666666665,334.8890721797943,10.193310260772705,0,1
2021-04-09 11:21:32.908940,0.0,,,1,1
2021-04-09 11:21:42.089004,348.26666666666665,335.83586502075195,0.9467928409576416,0,1
2021-04-09 11:21:59.908570,0.0,,,1,1
2021-04-09 11:22:17.728136,348.26666666666665,325.45409512519836,10.381769895553589,0,1
2021-04-09 11:22:35.728830,348.26666666666665,334.74807715415955,9.293982028961182,0,1
2021-04-09 11:22:45.628874,0.0,,,1,1
2021-04-09 11:22:55.528918,0.0,,,2,1
2021-04-09 11:23:05.428962,348.26666666666665,320.9148700237274,13.833207130432129,0,1
2021-04-09 11:23:53.489144,348.26666666666665,308.9750361442566,11.939833879470825,0,1
2021-04-09 11:24:56.311124,348.26666666666665,311.79688596725464,2.821849822998047,0,1
2021-04-09 11:25:45.629138,348.26666666666665,301.114825963974,10.68206000328064,0,1
2021-04-09 11:26:27.181877,0.0,,,1,1
2021-04-09 11:27:08.734616,0.0,,,2,1
2021-04-09 11:27:50.287355,0.0,,,3,1
2021-04-09 11:28:31.840094,0.0,,,4,1
2021-04-09 11:29:13.392833,0.0,,,5,1
2021-04-09 11:29:54.945572,0.0,,,6,1
2021-04-09 11:30:36.498311,0.0,,,7,1
2021-04-09 11:31:18.051050,0.0,,,8,1
2021-04-09 11:31:59.603789,0.0,,,9,1
2021-04-09 11:32:41.156528,0.0,,,10,1
2021-04-09 11:33:22.709266,0.0,,,11,1
2021-04-09 11:34:04.262006,0.0,,,12,1
2021-04-09 11:34:45.814744,0.0,,,13,1
2021-04-09 11:35:27.367483,0.0,,,14,1
2021-04-09 11:36:08.920222,0.0,,,15,1
2021-04-09 11:36:50.472961,0.0,,,16,1
2021-04-09 11:37:32.025700,0.0,,,17,1
2021-04-09 11:38:13.578439,0.0,,,18,1
2021-04-09 11:38:55.131178,0.0,,,19,1
2021-04-09 11:39:36.683917,0.0,,,20,1
2021-04-09 11:40:18.236656,0.0,,,21,1
2021-04-09 11:40:59.789395,0.0,,,22,1
2021-04-09 11:41:41.342134,0.0,,,23,1
2021-04-09 11:42:22.894873,0.0,,,24,1
2021-04-09 11:43:04.447612,0.0,,,25,1
2021-04-09 11:43:46.000351,0.0,,,26,1
2021-04-09 11:44:27.553090,0.0,,,27,1
2021-04-09 11:45:09.105829,0.0,,,28,1
2021-04-09 11:45:50.658568,0.0,,,29,1
2021-04-09 11:46:32.211307,0.0,,,30,1
2021-04-09 11:47:13.764046,0.0,,,31,1
2021-04-09 11:47:55.316785,0.0,,,32,1
2021-04-09 11:48:36.869524,0.0,,,33,1
2021-04-09 11:49:18.422262,0.0,,,34,1
2021-04-09 11:49:59.975001,0.0,,,35,1
2021-04-09 11:50:41.527740,0.0,,,36,1
2021-04-09 11:51:23.080479,0.0,,,37,1
2021-04-09 11:52:04.633218,0.0,,,38,1
2021-04-09 11:52:46.185957,0.0,,,39,1
2021-04-09 11:53:27.738696,0.0,,,40,1
2021-04-09 11:54:09.291435,0.0,,,41,1
2021-04-09 11:54:50.844174,0.0,,,42,1
2021-04-09 11:55:32.396913,0.0,,,43,1
2021-04-09 11:56:13.949652,0.0,,,44,1
2021-04-09 11:56:55.502391,0.0,,,45,1
2021-04-09 11:57:37.055130,0.0,,,46,1
2021-04-09 11:58:18.607869,0.0,,,47,1
2021-04-09 11:59:00.160608,0.0,,,48,1
2021-04-09 11:59:41.713347,0.0,,,49,1
2021-04-09 12:00:23.266086,0.0,,,50,1
2021-04-09 12:01:04.818825,0.0,,,51,1
2021-04-09 12:01:46.371564,0.0,,,52,1
2021-04-09 12:02:27.924303,0.0,,,53,1
2021-04-09 12:03:09.477041,0.0,,,54,1
2021-04-09 12:03:51.029781,0.0,,,55,1
2021-04-09 12:04:32.582520,0.0,,,56,1
2021-04-09 12:05:14.135258,0.0,,,57,1
2021-04-09 12:05:55.687997,0.0,,,58,1
2021-04-09 12:06:37.240736,0.0,,,59,1
2021-04-09 12:07:18.793475,0.0,,,60,1
2021-04-09 12:08:00.346214,0.0,,,61,1
2021-04-09 12:08:41.898953,0.0,,,62,1
2021-04-09 12:09:23.451692,0.0,,,63,1
2021-04-09 12:10:05.004431,0.0,,,64,1
2021-04-09 12:10:46.557170,0.0,,,65,1
2021-04-09 12:11:28.109909,348.26666666666665,20.498032093048096,280.6167938709259,0,1
2021-04-09 12:12:28.411526,348.26666666666665,20.79950785636902,0.30147576332092285,0,1
2021-04-09 12:12:54.510283,348.26666666666665,45.80981206893921,25.01030421257019,0,1
2021-04-09 12:13:17.192361,348.26666666666665,67.40355205535889,21.593739986419678,0,1
2021-04-09 12:13:35.372389,696.5333333333333,84.4952461719513,17.091694116592407,0,1
2021-04-09 12:13:53.010342,696.5333333333333,101.0448579788208,16.549611806869507,0,1
2021-04-09 12:14:12.631089,348.26666666666665,119.57728099822998,18.53242301940918,0,1
2021-04-09 12:14:35.670474,348.26666666666665,141.5283260345459,21.951045036315918,0,1
2021-04-09 12:15:06.090892,696.5333333333333,170.86053013801575,29.33220410346985,0,1
2021-04-09 12:15:24.630231,696.5333333333333,188.31146097183228,17.45093083381653,0,1
2021-04-09 12:15:45.870439,696.5333333333333,208.46335315704346,20.15189218521118,0,1
2021-04-09 12:16:04.232490,696.5333333333333,225.73701906204224,17.27366590499878,0,1
2021-04-09 12:16:21.690695,348.26666666666665,242.10689115524292,16.369872093200684,0,1
2021-04-09 12:16:39.342116,696.5333333333333,258.669988155365,16.56309700012207,0,1
2021-04-09 12:16:57.510200,696.5333333333333,275.7497799396515,17.0797917842865,0,1
2021-04-09 12:17:32.430431,348.26666666666665,293.2566018104553,17.506821870803833,0,1
2021-04-09 12:18:03.402223,348.26666666666665,306.8151321411133,13.558530330657959,0,1
2021-04-09 12:18:34.890016,348.26666666666665,320.8895800113678,14.074447870254517,0,1
2021-04-09 12:18:56.759992,0.0,,,1,1
2021-04-09 12:19:18.629968,348.26666666666665,329.8028128147125,8.913232803344727,0,1
2021-04-09 12:19:32.053522,0.0,,,1,1
2021-04-09 12:19:45.477076,0.0,,,2,1
2021-04-09 12:19:58.900630,348.26666666666665,317.833487033844,11.96932578086853,0,1
2021-04-09 12:20:18.112288,696.5333333333333,319.6318690776825,1.798382043838501,0,1
2021-04-09 12:20:33.772219,696.5333333333333,317.8784019947052,1.753467082977295,0,1
2021-04-09 12:20:50.209961,348.26666666666665,316.90281200408936,0.9755899906158447,0,1
2021-04-09 12:21:08.158638,1044.8,317.4381630420685,0.535351037979126,0,1
2021-04-09 12:21:21.118711,1044.8,312.9849019050598,4.453261137008667,0,1
2021-04-09 12:21:33.873078,1044.8,308.32591104507446,4.658990859985352,0,1
2021-04-09 12:21:50.409451,348.26666666666665,307.44904088974,0.8768701553344727,0,1
2021-04-09 12:22:08.488582,348.26666666666665,308.11477184295654,0.6657309532165527,0,1
2021-04-09 12:22:44.342709,348.26666666666665,283.9687750339508,24.145996809005737,0,1
2021-04-09 12:23:12.931173,696.5333333333333,252.55710697174072,31.411668062210083,0,1
2021-04-09 12:23:27.516290,696.5333333333333,249.72875595092773,2.8283510208129883,0,1
2021-04-09 12:23:38.233991,1044.8,243.03312587738037,6.695630073547363,0,1
2021-04-09 12:23:50.655843,1044.8,246.74831795692444,3.7151920795440674,0,1
2021-04-09 12:24:02.532042,1044.8,249.91793394088745,3.1696159839630127,0,1
2021-04-09 12:24:14.248537,696.5333333333333,252.92766404151917,3.009730100631714,0,1
2021-04-09 12:24:25.572045,696.5333333333333,255.5445761680603,2.6169121265411377,0,1
2021-04-09 12:24:42.224411,696.5333333333333,263.4902141094208,7.945637941360474,0,1
2021-04-09 12:24:57.343366,696.5333333333333,241.29489183425903,22.195322275161743,0,1
2021-04-09 12:25:10.614809,696.5333333333333,245.85973691940308,4.564845085144043,0,1
2021-04-09 12:25:21.378817,696.5333333333333,247.91707301139832,2.0573360919952393,0,1
2021-04-09 12:25:40.912844,696.5333333333333,258.7443678379059,10.827294826507568,0,1
2021-04-09 12:26:02.328200,696.5333333333333,242.84548711776733,15.89888072013855,0,1
2021-04-09 12:26:16.726421,696.5333333333333,248.53699016571045,5.691503047943115,0,1
2021-04-09 12:26:31.332145,696.5333333333333,225.82848000526428,22.708510160446167,0,1
2021-04-09 12:26:44.398263,696.5333333333333,230.18799901008606,4.359519004821777,0,1
2021-04-09 12:26:59.123687,696.5333333333333,236.20669603347778,6.018697023391724,0,1
2021-04-09 12:27:13.240593,348.26666666666665,241.61687302589417,5.410176992416382,0,1
2021-04-09 12:27:51.276831,348.26666666666665,227.41311693191528,14.203756093978882,0,1
2021-04-09 12:28:13.775926,348.26666666666665,241.20566201210022,13.792545080184937,0,1
