packet_id,packet_timestamp,source_ip,destination_ip,protocol,packet_length,round
11256,2021-04-09 08:14:03.333702,192.168.121.1,192.168.110.1,DATA_RAW,1306,1
44802,2021-04-09 08:17:53.077356,192.168.121.1,192.168.110.1,DATA_RAW,1306,1
26421,2021-04-09 08:33:35.063335,192.168.121.1,192.168.110.1,DATA_RAW,1306,1
58071,2021-04-09 08:50:20.871587,192.168.121.1,192.168.110.1,DATA_RAW,1306,1
59797,2021-04-09 08:53:04.965612,192.168.121.1,192.168.110.1,DATA_RAW,1306,1
12804,2021-04-09 09:00:30.603678,192.168.121.1,192.168.110.1,DATA_RAW,1306,1
28738,2021-04-09 08:05:36.677948,192.168.121.1,192.168.110.1,DATA_RAW,1306,1
30481,2021-04-09 08:22:07.125499,192.168.121.1,192.168.110.1,DATA_RAW,1306,1
30540,2021-04-09 08:22:11.478845,192.168.121.1,192.168.110.1,DATA_RAW,1306,1
31620,2021-04-09 08:23:29.838779,192.168.121.1,192.168.110.1,DATA_RAW,1306,1
58749,2021-04-09 08:51:46.250180,192.168.121.1,192.168.110.1,DATA_RAW,1306,1
9766,2021-04-09 07:50:05.757994,192.168.121.1,192.168.110.1,DATA_RAW,1306,1
9810,2021-04-09 07:50:07.934784,192.168.121.1,192.168.110.1,DATA_RAW,1306,1
9818,2021-04-09 07:50:10.111390,192.168.121.1,192.168.110.1,DATA_RAW,1306,1
9859,2021-04-09 07:50:12.288111,192.168.121.1,192.168.110.1,DATA_RAW,1306,1
13685,2021-04-09 07:53:32.911627,192.168.121.1,192.168.110.1,DATA_RAW,1306,1
13758,2021-04-09 07:53:35.088239,192.168.121.1,192.168.110.1,DATA_RAW,1306,1
27923,2021-04-09 07:54:46.899693,192.168.121.1,192.168.110.1,DATA_RAW,1306,1
28572,2021-04-09 08:05:27.971278,192.168.121.1,192.168.110.1,DATA_RAW,1306,1
28602,2021-04-09 08:05:30.147947,192.168.121.1,192.168.110.1,DATA_RAW,1306,1
28703,2021-04-09 08:05:32.324673,192.168.121.1,192.168.110.1,DATA_RAW,1306,1
6282,2021-04-09 07:47:18.324393,192.168.121.1,192.168.110.1,DATA_RAW,1306,1
6405,2021-04-09 07:47:19.198348,192.168.121.1,192.168.110.1,DATA_RAW,1306,1
6481,2021-04-09 07:47:19.748425,192.168.121.1,192.168.110.1,DATA_RAW,1306,1
6489,2021-04-09 07:47:20.256194,192.168.121.1,192.168.110.1,DATA_RAW,1306,1
6608,2021-04-09 07:47:21.344529,192.168.121.1,192.168.110.1,DATA_RAW,1306,1
6622,2021-04-09 07:47:22.432846,192.168.121.1,192.168.110.1,DATA_RAW,1306,1
6715,2021-04-09 07:47:23.521188,192.168.121.1,192.168.110.1,DATA_RAW,1306,1
6721,2021-04-09 07:47:24.609512,192.168.121.1,192.168.110.1,DATA_RAW,1306,1
6811,2021-04-09 07:47:25.697860,192.168.121.1,192.168.110.1,DATA_RAW,1306,1
6909,2021-04-09 07:47:26.786158,192.168.121.1,192.168.110.1,DATA_RAW,1306,1
6911,2021-04-09 07:47:27.874473,192.168.121.1,192.168.110.1,DATA_RAW,1306,1
7024,2021-04-09 07:47:28.962860,192.168.121.1,192.168.110.1,DATA_RAW,1306,1
7027,2021-04-09 07:47:30.051132,192.168.121.1,192.168.110.1,DATA_RAW,1306,1
7150,2021-04-09 07:47:31.139474,192.168.121.1,192.168.110.1,DATA_RAW,1306,1
7207,2021-04-09 07:47:32.227861,192.168.121.1,192.168.110.1,DATA_RAW,1306,1
7216,2021-04-09 07:47:33.316136,192.168.121.1,192.168.110.1,DATA_RAW,1306,1
7232,2021-04-09 07:47:35.492864,192.168.121.1,192.168.110.1,DATA_RAW,1306,1
7261,2021-04-09 07:47:37.669607,192.168.121.1,192.168.110.1,DATA_RAW,1306,1
7307,2021-04-09 07:47:39.846202,192.168.121.1,192.168.110.1,DATA_RAW,1306,1
7337,2021-04-09 07:47:42.022804,192.168.121.1,192.168.110.1,DATA_RAW,1306,1
7386,2021-04-09 07:47:44.199529,192.168.121.1,192.168.110.1,DATA_RAW,1306,1
7470,2021-04-09 07:47:46.376202,192.168.121.1,192.168.110.1,DATA_RAW,1306,1
7530,2021-04-09 07:47:48.552832,192.168.121.1,192.168.110.1,DATA_RAW,1306,1
7595,2021-04-09 07:47:50.729525,192.168.121.1,192.168.110.1,DATA_RAW,1306,1
7689,2021-04-09 07:47:52.906151,192.168.121.1,192.168.110.1,DATA_RAW,1306,1
7696,2021-04-09 07:47:55.082808,192.168.121.1,192.168.110.1,DATA_RAW,1306,1
7772,2021-04-09 07:47:57.259527,192.168.121.1,192.168.110.1,DATA_RAW,1306,1
7825,2021-04-09 07:47:59.436190,192.168.121.1,192.168.110.1,DATA_RAW,1306,1
7962,2021-04-09 07:48:01.612794,192.168.121.1,192.168.110.1,DATA_RAW,1306,1
8062,2021-04-09 07:48:03.789523,192.168.121.1,192.168.110.1,DATA_RAW,1306,1
8215,2021-04-09 07:48:05.966154,192.168.121.1,192.168.110.1,DATA_RAW,1306,1
8279,2021-04-09 07:48:08.142768,192.168.121.1,192.168.110.1,DATA_RAW,1306,1
8476,2021-04-09 07:48:10.319525,192.168.121.1,192.168.110.1,DATA_RAW,1306,1
8488,2021-04-09 07:48:12.496192,192.168.121.1,192.168.110.1,DATA_RAW,1306,1
8501,2021-04-09 07:48:14.672803,192.168.121.1,192.168.110.1,DATA_RAW,1306,1
8536,2021-04-09 07:48:16.849531,192.168.121.1,192.168.110.1,DATA_RAW,1306,1
8580,2021-04-09 07:48:19.026157,192.168.121.1,192.168.110.1,DATA_RAW,1306,1
8642,2021-04-09 07:48:22.135738,192.168.121.1,192.168.110.1,DATA_RAW,1306,1
8647,2021-04-09 07:48:26.577898,192.168.121.1,192.168.110.1,DATA_RAW,1306,1
8654,2021-04-09 07:48:39.637914,192.168.121.1,192.168.110.1,DATA_RAW,1306,1
8706,2021-04-09 07:49:39.637981,192.168.121.1,192.168.110.1,DATA_RAW,1306,1
8777,2021-04-09 07:49:40.726359,192.168.121.1,192.168.110.1,DATA_RAW,1306,1
8780,2021-04-09 07:49:41.814775,192.168.121.1,192.168.110.1,DATA_RAW,1306,1
8817,2021-04-09 07:49:42.903070,192.168.121.1,192.168.110.1,DATA_RAW,1306,1
8825,2021-04-09 07:49:43.991472,192.168.121.1,192.168.110.1,DATA_RAW,1306,1
8993,2021-04-09 07:49:45.079775,192.168.121.1,192.168.110.1,DATA_RAW,1306,1
9003,2021-04-09 07:49:46.168104,192.168.121.1,192.168.110.1,DATA_RAW,1306,1
9100,2021-04-09 07:49:47.256440,192.168.121.1,192.168.110.1,DATA_RAW,1306,1
9200,2021-04-09 07:49:48.344764,192.168.121.1,192.168.110.1,DATA_RAW,1306,1
9332,2021-04-09 07:49:49.433044,192.168.121.1,192.168.110.1,DATA_RAW,1306,1
9392,2021-04-09 07:49:50.521449,192.168.121.1,192.168.110.1,DATA_RAW,1306,1
9454,2021-04-09 07:49:52.698011,192.168.121.1,192.168.110.1,DATA_RAW,1306,1
9456,2021-04-09 07:49:54.874778,192.168.121.1,192.168.110.1,DATA_RAW,1306,1
9520,2021-04-09 07:49:57.051441,192.168.121.1,192.168.110.1,DATA_RAW,1306,1
9540,2021-04-09 07:49:59.228046,192.168.121.1,192.168.110.1,DATA_RAW,1306,1
9701,2021-04-09 07:50:01.404721,192.168.121.1,192.168.110.1,DATA_RAW,1306,1
9760,2021-04-09 07:50:03.581444,192.168.121.1,192.168.110.1,DATA_RAW,1306,1
10033,2021-04-09 07:50:14.464777,192.168.121.1,192.168.110.1,DATA_RAW,1306,1
10129,2021-04-09 07:50:16.641444,192.168.121.1,192.168.110.1,DATA_RAW,1306,1
10252,2021-04-09 07:50:18.818123,192.168.121.1,192.168.110.1,DATA_RAW,1306,1
10267,2021-04-09 07:50:20.994781,192.168.121.1,192.168.110.1,DATA_RAW,1306,1
10291,2021-04-09 07:50:23.171450,192.168.121.1,192.168.110.1,DATA_RAW,1306,1
10372,2021-04-09 07:50:25.348119,192.168.121.1,192.168.110.1,DATA_RAW,1306,1
10399,2021-04-09 07:50:27.524647,192.168.121.1,192.168.110.1,DATA_RAW,1306,1
10589,2021-04-09 07:50:29.701377,192.168.121.1,192.168.110.1,DATA_RAW,1306,1
10602,2021-04-09 07:50:31.878115,192.168.121.1,192.168.110.1,DATA_RAW,1306,1
10637,2021-04-09 07:50:34.054724,192.168.121.1,192.168.110.1,DATA_RAW,1306,1
10671,2021-04-09 07:50:36.231436,192.168.121.1,192.168.110.1,DATA_RAW,1306,1
10826,2021-04-09 07:50:38.408104,192.168.121.1,192.168.110.1,DATA_RAW,1306,1
10977,2021-04-09 07:50:40.584784,192.168.121.1,192.168.110.1,DATA_RAW,1306,1
11015,2021-04-09 07:50:42.761444,192.168.121.1,192.168.110.1,DATA_RAW,1306,1
11035,2021-04-09 07:50:44.938126,192.168.121.1,192.168.110.1,DATA_RAW,1306,1
11119,2021-04-09 07:50:47.114777,192.168.121.1,192.168.110.1,DATA_RAW,1306,1
11181,2021-04-09 07:50:49.291443,192.168.121.1,192.168.110.1,DATA_RAW,1306,1
11209,2021-04-09 07:50:51.468109,192.168.121.1,192.168.110.1,DATA_RAW,1306,1
11288,2021-04-09 07:50:54.577577,192.168.121.1,192.168.110.1,DATA_RAW,1306,1
11334,2021-04-09 07:50:56.754236,192.168.121.1,192.168.110.1,DATA_RAW,1306,1
11435,2021-04-09 07:50:59.863710,192.168.121.1,192.168.110.1,DATA_RAW,1306,1
11443,2021-04-09 07:51:04.305934,192.168.121.1,192.168.110.1,DATA_RAW,1306,1
11492,2021-04-09 07:51:13.375398,192.168.121.1,192.168.110.1,DATA_RAW,1306,1
11516,2021-04-09 07:51:17.817617,192.168.121.1,192.168.110.1,DATA_RAW,1306,1
11532,2021-04-09 07:51:19.994294,192.168.121.1,192.168.110.1,DATA_RAW,1306,1
11555,2021-04-09 07:51:22.170967,192.168.121.1,192.168.110.1,DATA_RAW,1306,1
11617,2021-04-09 07:51:24.347624,192.168.121.1,192.168.110.1,DATA_RAW,1306,1
11745,2021-04-09 07:51:27.457141,192.168.121.1,192.168.110.1,DATA_RAW,1306,1
11787,2021-04-09 07:51:29.633825,192.168.121.1,192.168.110.1,DATA_RAW,1306,1
11848,2021-04-09 07:51:31.810490,192.168.121.1,192.168.110.1,DATA_RAW,1306,1
11956,2021-04-09 07:51:34.920047,192.168.121.1,192.168.110.1,DATA_RAW,1306,1
11985,2021-04-09 07:51:39.362086,192.168.121.1,192.168.110.1,DATA_RAW,1306,1
12043,2021-04-09 07:51:48.431570,192.168.121.1,192.168.110.1,DATA_RAW,1306,1
12082,2021-04-09 07:52:42.848287,192.168.121.1,192.168.110.1,DATA_RAW,1306,1
12098,2021-04-09 07:52:43.936583,192.168.121.1,192.168.110.1,DATA_RAW,1306,1
12141,2021-04-09 07:52:45.024870,192.168.121.1,192.168.110.1,DATA_RAW,1306,1
12167,2021-04-09 07:52:46.113238,192.168.121.1,192.168.110.1,DATA_RAW,1306,1
12175,2021-04-09 07:52:47.201575,192.168.121.1,192.168.110.1,DATA_RAW,1306,1
12262,2021-04-09 07:52:48.289960,192.168.121.1,192.168.110.1,DATA_RAW,1306,1
12335,2021-04-09 07:52:49.378174,192.168.121.1,192.168.110.1,DATA_RAW,1306,1
12430,2021-04-09 07:52:50.466621,192.168.121.1,192.168.110.1,DATA_RAW,1306,1
12539,2021-04-09 07:52:51.554890,192.168.121.1,192.168.110.1,DATA_RAW,1306,1
12562,2021-04-09 07:52:52.643206,192.168.121.1,192.168.110.1,DATA_RAW,1306,1
12715,2021-04-09 07:52:53.731618,192.168.121.1,192.168.110.1,DATA_RAW,1306,1
12868,2021-04-09 07:52:55.908297,192.168.121.1,192.168.110.1,DATA_RAW,1306,1
12870,2021-04-09 07:52:58.084959,192.168.121.1,192.168.110.1,DATA_RAW,1306,1
12889,2021-04-09 07:53:00.261579,192.168.121.1,192.168.110.1,DATA_RAW,1306,1
12903,2021-04-09 07:53:02.438181,192.168.121.1,192.168.110.1,DATA_RAW,1306,1
13005,2021-04-09 07:53:04.614961,192.168.121.1,192.168.110.1,DATA_RAW,1306,1
13006,2021-04-09 07:53:06.791546,192.168.121.1,192.168.110.1,DATA_RAW,1306,1
13090,2021-04-09 07:53:08.968289,192.168.121.1,192.168.110.1,DATA_RAW,1306,1
13092,2021-04-09 07:53:11.144970,192.168.121.1,192.168.110.1,DATA_RAW,1306,1
13119,2021-04-09 07:53:13.321624,192.168.121.1,192.168.110.1,DATA_RAW,1306,1
13131,2021-04-09 07:53:15.498240,192.168.121.1,192.168.110.1,DATA_RAW,1306,1
13186,2021-04-09 07:53:17.674951,192.168.121.1,192.168.110.1,DATA_RAW,1306,1
13242,2021-04-09 07:53:19.851628,192.168.121.1,192.168.110.1,DATA_RAW,1306,1
13349,2021-04-09 07:53:22.028289,192.168.121.1,192.168.110.1,DATA_RAW,1306,1
13380,2021-04-09 07:53:24.204972,192.168.121.1,192.168.110.1,DATA_RAW,1306,1
13442,2021-04-09 07:53:26.381575,192.168.121.1,192.168.110.1,DATA_RAW,1306,1
13516,2021-04-09 07:53:28.558300,192.168.121.1,192.168.110.1,DATA_RAW,1306,1
13553,2021-04-09 07:53:30.734900,192.168.121.1,192.168.110.1,DATA_RAW,1306,1
13868,2021-04-09 07:53:37.264958,192.168.121.1,192.168.110.1,DATA_RAW,1306,1
13902,2021-04-09 07:53:39.441555,192.168.121.1,192.168.110.1,DATA_RAW,1306,1
14080,2021-04-09 07:53:41.618175,192.168.121.1,192.168.110.1,DATA_RAW,1306,1
14085,2021-04-09 07:53:43.794959,192.168.121.1,192.168.110.1,DATA_RAW,1306,1
14094,2021-04-09 07:53:45.971624,192.168.121.1,192.168.110.1,DATA_RAW,1306,1
14132,2021-04-09 07:53:49.081147,192.168.121.1,192.168.110.1,DATA_RAW,1306,1
27410,2021-04-09 07:53:55.451880,192.168.121.1,192.168.110.1,DATA_RAW,1306,1
27411,2021-04-09 07:54:14.109034,192.168.121.1,192.168.110.1,DATA_RAW,1306,1
27439,2021-04-09 07:54:16.285695,192.168.121.1,192.168.110.1,DATA_RAW,1306,1
27467,2021-04-09 07:54:18.462241,192.168.121.1,192.168.110.1,DATA_RAW,1306,1
27532,2021-04-09 07:54:20.639033,192.168.121.1,192.168.110.1,DATA_RAW,1306,1
27557,2021-04-09 07:54:22.815583,192.168.121.1,192.168.110.1,DATA_RAW,1306,1
27558,2021-04-09 07:54:25.925219,192.168.121.1,192.168.110.1,DATA_RAW,1306,1
27589,2021-04-09 07:54:28.101882,192.168.121.1,192.168.110.1,DATA_RAW,1306,1
27604,2021-04-09 07:54:31.211350,192.168.121.1,192.168.110.1,DATA_RAW,1306,1
27765,2021-04-09 07:54:35.653578,192.168.121.1,192.168.110.1,DATA_RAW,1306,1
27848,2021-04-09 07:54:44.723023,192.168.121.1,192.168.110.1,DATA_RAW,1306,1
27972,2021-04-09 07:54:50.009220,192.168.121.1,192.168.110.1,DATA_RAW,1306,1
28034,2021-04-09 07:54:54.451291,192.168.121.1,192.168.110.1,DATA_RAW,1306,1
28056,2021-04-09 07:55:07.511333,192.168.121.1,192.168.110.1,DATA_RAW,1306,1
28058,2021-04-09 07:55:09.688059,192.168.121.1,192.168.110.1,DATA_RAW,1306,1
28067,2021-04-09 07:55:11.864673,192.168.121.1,192.168.110.1,DATA_RAW,1306,1
28081,2021-04-09 07:55:14.041340,192.168.121.1,192.168.110.1,DATA_RAW,1306,1
28089,2021-04-09 07:55:16.218064,192.168.121.1,192.168.110.1,DATA_RAW,1306,1
28216,2021-04-09 07:55:18.394732,192.168.121.1,192.168.110.1,DATA_RAW,1306,1
28225,2021-04-09 07:55:21.504248,192.168.121.1,192.168.110.1,DATA_RAW,1306,1
28231,2021-04-09 07:55:27.874929,192.168.121.1,192.168.110.1,DATA_RAW,1306,1
28375,2021-04-09 07:55:30.051555,192.168.121.1,192.168.110.1,DATA_RAW,1306,1
28440,2021-04-09 07:55:33.161177,192.168.121.1,192.168.110.1,DATA_RAW,1306,1
28501,2021-04-09 07:55:37.603351,192.168.121.1,192.168.110.1,DATA_RAW,1306,1
28526,2021-04-09 07:55:50.663352,192.168.121.1,192.168.110.1,DATA_RAW,1306,1
28531,2021-04-09 07:55:52.839964,192.168.121.1,192.168.110.1,DATA_RAW,1306,1
28591,2021-04-09 07:55:55.016614,192.168.121.1,192.168.110.1,DATA_RAW,1306,1
28638,2021-04-09 07:55:57.193349,192.168.121.1,192.168.110.1,DATA_RAW,1306,1
28686,2021-04-09 07:55:59.370015,192.168.121.1,192.168.110.1,DATA_RAW,1306,1
28713,2021-04-09 07:56:01.546554,192.168.121.1,192.168.110.1,DATA_RAW,1306,1
28802,2021-04-09 07:56:04.656206,192.168.121.1,192.168.110.1,DATA_RAW,1306,1
28855,2021-04-09 07:56:11.026887,192.168.121.1,192.168.110.1,DATA_RAW,1306,1
28986,2021-04-09 07:56:29.684161,192.168.121.1,192.168.110.1,DATA_RAW,1306,1
29073,2021-04-09 07:56:31.860695,192.168.121.1,192.168.110.1,DATA_RAW,1306,1
29136,2021-04-09 07:56:34.037450,192.168.121.1,192.168.110.1,DATA_RAW,1306,1
29162,2021-04-09 07:56:36.214036,192.168.121.1,192.168.110.1,DATA_RAW,1306,1
29188,2021-04-09 07:56:38.390665,192.168.121.1,192.168.110.1,DATA_RAW,1306,1
29190,2021-04-09 07:56:40.567425,192.168.121.1,192.168.110.1,DATA_RAW,1306,1
29204,2021-04-09 07:56:42.744090,192.168.121.1,192.168.110.1,DATA_RAW,1306,1
29215,2021-04-09 07:56:44.920825,192.168.121.1,192.168.110.1,DATA_RAW,1306,1
29389,2021-04-09 07:56:47.097408,192.168.121.1,192.168.110.1,DATA_RAW,1306,1
29394,2021-04-09 07:56:49.274091,192.168.121.1,192.168.110.1,DATA_RAW,1306,1
29440,2021-04-09 07:56:51.450752,192.168.121.1,192.168.110.1,DATA_RAW,1306,1
29450,2021-04-09 07:56:53.627359,192.168.121.1,192.168.110.1,DATA_RAW,1306,1
29494,2021-04-09 07:56:55.804031,192.168.121.1,192.168.110.1,DATA_RAW,1306,1
29653,2021-04-09 07:56:58.913605,192.168.121.1,192.168.110.1,DATA_RAW,1306,1
29852,2021-04-09 07:57:03.355789,192.168.121.1,192.168.110.1,DATA_RAW,1306,1
29861,2021-04-09 07:57:12.425171,192.168.121.1,192.168.110.1,DATA_RAW,1306,1
29991,2021-04-09 07:57:14.601894,192.168.121.1,192.168.110.1,DATA_RAW,1306,1
30086,2021-04-09 07:57:16.778496,192.168.121.1,192.168.110.1,DATA_RAW,1306,1
30129,2021-04-09 07:57:18.955231,192.168.121.1,192.168.110.1,DATA_RAW,1306,1
30179,2021-04-09 07:57:21.131833,192.168.121.1,192.168.110.1,DATA_RAW,1306,1
30221,2021-04-09 07:57:23.308563,192.168.121.1,192.168.110.1,DATA_RAW,1306,1
30229,2021-04-09 07:57:25.485225,192.168.121.1,192.168.110.1,DATA_RAW,1306,1
39213,2021-04-09 07:57:27.661832,192.168.121.1,192.168.110.1,DATA_RAW,1306,1
39214,2021-04-09 07:57:30.771413,192.168.121.1,192.168.110.1,DATA_RAW,1306,1
39225,2021-04-09 07:57:37.142103,192.168.121.1,192.168.110.1,DATA_RAW,1306,1
39301,2021-04-09 07:57:39.318714,192.168.121.1,192.168.110.1,DATA_RAW,1306,1
39378,2021-04-09 07:57:42.428331,192.168.121.1,192.168.110.1,DATA_RAW,1306,1
39425,2021-04-09 07:57:44.605007,192.168.121.1,192.168.110.1,DATA_RAW,1306,1
39450,2021-04-09 07:57:47.714536,192.168.121.1,192.168.110.1,DATA_RAW,1306,1
39598,2021-04-09 07:57:49.891144,192.168.121.1,192.168.110.1,DATA_RAW,1306,1
39606,2021-04-09 07:57:53.000616,192.168.121.1,192.168.110.1,DATA_RAW,1306,1
39615,2021-04-09 07:57:55.177387,192.168.121.1,192.168.110.1,DATA_RAW,1306,1
39738,2021-04-09 07:57:58.286915,192.168.121.1,192.168.110.1,DATA_RAW,1306,1
39760,2021-04-09 07:58:00.463583,192.168.121.1,192.168.110.1,DATA_RAW,1306,1
39885,2021-04-09 07:58:03.573051,192.168.121.1,192.168.110.1,DATA_RAW,1306,1
39943,2021-04-09 07:58:05.749773,192.168.121.1,192.168.110.1,DATA_RAW,1306,1
40039,2021-04-09 07:58:07.926430,192.168.121.1,192.168.110.1,DATA_RAW,1306,1
40128,2021-04-09 07:58:11.035951,192.168.121.1,192.168.110.1,DATA_RAW,1306,1
40192,2021-04-09 07:58:17.406693,192.168.121.1,192.168.110.1,DATA_RAW,1306,1
40226,2021-04-09 07:58:36.063839,192.168.121.1,192.168.110.1,DATA_RAW,1306,1
40244,2021-04-09 07:58:38.240499,192.168.121.1,192.168.110.1,DATA_RAW,1306,1
40287,2021-04-09 07:58:40.417173,192.168.121.1,192.168.110.1,DATA_RAW,1306,1
40294,2021-04-09 07:58:42.593827,192.168.121.1,192.168.110.1,DATA_RAW,1306,1
40303,2021-04-09 07:58:44.770488,192.168.121.1,192.168.110.1,DATA_RAW,1306,1
40327,2021-04-09 07:58:46.947163,192.168.121.1,192.168.110.1,DATA_RAW,1306,1
40366,2021-04-09 07:58:49.123828,192.168.121.1,192.168.110.1,DATA_RAW,1306,1
40490,2021-04-09 07:58:51.300494,192.168.121.1,192.168.110.1,DATA_RAW,1306,1
40562,2021-04-09 07:58:53.477124,192.168.121.1,192.168.110.1,DATA_RAW,1306,1
40625,2021-04-09 07:58:56.586635,192.168.121.1,192.168.110.1,DATA_RAW,1306,1
40770,2021-04-09 07:58:58.763359,192.168.121.1,192.168.110.1,DATA_RAW,1306,1
40894,2021-04-09 07:59:01.872892,192.168.121.1,192.168.110.1,DATA_RAW,1306,1
40928,2021-04-09 07:59:04.049548,192.168.121.1,192.168.110.1,DATA_RAW,1306,1
41017,2021-04-09 07:59:07.159018,192.168.121.1,192.168.110.1,DATA_RAW,1306,1
41024,2021-04-09 07:59:13.529807,192.168.121.1,192.168.110.1,DATA_RAW,1306,1
41042,2021-04-09 07:59:32.186894,192.168.121.1,192.168.110.1,DATA_RAW,1306,1
56208,2021-04-09 09:33:07.608487,192.168.121.1,192.168.110.1,DATA_RAW,1306,1
41083,2021-04-09 07:59:34.363614,192.168.121.1,192.168.110.1,DATA_RAW,1306,1
41168,2021-04-09 07:59:36.540287,192.168.121.1,192.168.110.1,DATA_RAW,1306,1
41298,2021-04-09 07:59:38.716951,192.168.121.1,192.168.110.1,DATA_RAW,1306,1
41357,2021-04-09 07:59:40.893549,192.168.121.1,192.168.110.1,DATA_RAW,1306,1
41502,2021-04-09 07:59:43.070176,192.168.121.1,192.168.110.1,DATA_RAW,1306,1
41561,2021-04-09 07:59:45.246885,192.168.121.1,192.168.110.1,DATA_RAW,1306,1
41575,2021-04-09 07:59:47.423684,192.168.121.1,192.168.110.1,DATA_RAW,1306,1
41586,2021-04-09 07:59:49.600324,192.168.121.1,192.168.110.1,DATA_RAW,1306,1
41598,2021-04-09 07:59:51.776947,192.168.121.1,192.168.110.1,DATA_RAW,1306,1
41713,2021-04-09 07:59:53.953613,192.168.121.1,192.168.110.1,DATA_RAW,1306,1
41780,2021-04-09 07:59:57.063130,192.168.121.1,192.168.110.1,DATA_RAW,1306,1
42019,2021-04-09 08:00:01.505315,192.168.121.1,192.168.110.1,DATA_RAW,1306,1
42154,2021-04-09 08:00:10.574715,192.168.121.1,192.168.110.1,DATA_RAW,1306,1
42227,2021-04-09 08:01:04.991431,192.168.121.1,192.168.110.1,DATA_RAW,1306,1
42232,2021-04-09 08:01:06.079667,192.168.121.1,192.168.110.1,DATA_RAW,1306,1
42279,2021-04-09 08:01:07.168094,192.168.121.1,192.168.110.1,DATA_RAW,1306,1
42344,2021-04-09 08:01:08.256419,192.168.121.1,192.168.110.1,DATA_RAW,1306,1
42416,2021-04-09 08:01:09.344751,192.168.121.1,192.168.110.1,DATA_RAW,1306,1
42456,2021-04-09 08:01:10.433093,192.168.121.1,192.168.110.1,DATA_RAW,1306,1
48719,2021-04-09 08:01:12.609767,192.168.121.1,192.168.110.1,DATA_RAW,1306,1
48720,2021-04-09 08:01:13.698100,192.168.121.1,192.168.110.1,DATA_RAW,1306,1
48888,2021-04-09 08:01:15.874763,192.168.121.1,192.168.110.1,DATA_RAW,1306,1
48906,2021-04-09 08:01:18.051429,192.168.121.1,192.168.110.1,DATA_RAW,1306,1
49034,2021-04-09 08:01:20.228084,192.168.121.1,192.168.110.1,DATA_RAW,1306,1
49207,2021-04-09 08:01:22.404772,192.168.121.1,192.168.110.1,DATA_RAW,1306,1
49304,2021-04-09 08:01:24.581433,192.168.121.1,192.168.110.1,DATA_RAW,1306,1
49321,2021-04-09 08:01:26.758097,192.168.121.1,192.168.110.1,DATA_RAW,1306,1
49393,2021-04-09 08:01:28.934759,192.168.121.1,192.168.110.1,DATA_RAW,1306,1
49426,2021-04-09 08:01:31.111424,192.168.121.1,192.168.110.1,DATA_RAW,1306,1
49498,2021-04-09 08:01:33.288099,192.168.121.1,192.168.110.1,DATA_RAW,1306,1
49516,2021-04-09 08:01:35.464719,192.168.121.1,192.168.110.1,DATA_RAW,1306,1
49538,2021-04-09 08:01:37.641294,192.168.121.1,192.168.110.1,DATA_RAW,1306,1
49573,2021-04-09 08:01:39.818052,192.168.121.1,192.168.110.1,DATA_RAW,1306,1
49589,2021-04-09 08:01:41.994767,192.168.121.1,192.168.110.1,DATA_RAW,1306,1
49633,2021-04-09 08:01:44.171380,192.168.121.1,192.168.110.1,DATA_RAW,1306,1
49677,2021-04-09 08:01:46.348083,192.168.121.1,192.168.110.1,DATA_RAW,1306,1
49713,2021-04-09 08:01:48.524758,192.168.121.1,192.168.110.1,DATA_RAW,1306,1
49915,2021-04-09 08:01:50.701426,192.168.121.1,192.168.110.1,DATA_RAW,1306,1
49919,2021-04-09 08:01:52.878114,192.168.121.1,192.168.110.1,DATA_RAW,1306,1
49920,2021-04-09 08:01:55.054759,192.168.121.1,192.168.110.1,DATA_RAW,1306,1
50005,2021-04-09 08:01:57.231370,192.168.121.1,192.168.110.1,DATA_RAW,1306,1
50040,2021-04-09 08:01:59.408090,192.168.121.1,192.168.110.1,DATA_RAW,1306,1
50152,2021-04-09 08:02:02.517618,192.168.121.1,192.168.110.1,DATA_RAW,1306,1
50160,2021-04-09 08:02:06.959738,192.168.121.1,192.168.110.1,DATA_RAW,1306,1
50183,2021-04-09 08:02:20.019788,192.168.121.1,192.168.110.1,DATA_RAW,1306,1
50312,2021-04-09 08:03:20.019913,192.168.121.1,192.168.110.1,DATA_RAW,1306,1
50482,2021-04-09 08:03:21.108368,192.168.121.1,192.168.110.1,DATA_RAW,1306,1
50502,2021-04-09 08:03:22.196707,192.168.121.1,192.168.110.1,DATA_RAW,1306,1
50625,2021-04-09 08:03:23.285042,192.168.121.1,192.168.110.1,DATA_RAW,1306,1
50837,2021-04-09 08:03:24.373371,192.168.121.1,192.168.110.1,DATA_RAW,1306,1
50866,2021-04-09 08:03:25.461574,192.168.121.1,192.168.110.1,DATA_RAW,1306,1
50896,2021-04-09 08:03:26.550049,192.168.121.1,192.168.110.1,DATA_RAW,1306,1
51011,2021-04-09 08:03:27.638372,192.168.121.1,192.168.110.1,DATA_RAW,1306,1
51107,2021-04-09 08:03:28.726711,192.168.121.1,192.168.110.1,DATA_RAW,1306,1
51231,2021-04-09 08:03:29.814985,192.168.121.1,192.168.110.1,DATA_RAW,1306,1
51315,2021-04-09 08:03:31.991704,192.168.121.1,192.168.110.1,DATA_RAW,1306,1
51322,2021-04-09 08:03:34.168370,192.168.121.1,192.168.110.1,DATA_RAW,1306,1
51451,2021-04-09 08:03:36.345041,192.168.121.1,192.168.110.1,DATA_RAW,1306,1
51620,2021-04-09 08:03:38.521699,192.168.121.1,192.168.110.1,DATA_RAW,1306,1
51634,2021-04-09 08:03:40.698258,192.168.121.1,192.168.110.1,DATA_RAW,1306,1
51641,2021-04-09 08:03:42.874987,192.168.121.1,192.168.110.1,DATA_RAW,1306,1
51724,2021-04-09 08:03:45.051707,192.168.121.1,192.168.110.1,DATA_RAW,1306,1
51781,2021-04-09 08:03:47.228367,192.168.121.1,192.168.110.1,DATA_RAW,1306,1
51927,2021-04-09 08:03:49.405039,192.168.121.1,192.168.110.1,DATA_RAW,1306,1
52066,2021-04-09 08:03:51.581709,192.168.121.1,192.168.110.1,DATA_RAW,1306,1
52079,2021-04-09 08:03:53.758255,192.168.121.1,192.168.110.1,DATA_RAW,1306,1
52090,2021-04-09 08:03:55.934993,192.168.121.1,192.168.110.1,DATA_RAW,1306,1
52150,2021-04-09 08:03:58.111704,192.168.121.1,192.168.110.1,DATA_RAW,1306,1
52306,2021-04-09 08:04:00.288380,192.168.121.1,192.168.110.1,DATA_RAW,1306,1
52372,2021-04-09 08:04:02.465032,192.168.121.1,192.168.110.1,DATA_RAW,1306,1
52481,2021-04-09 08:04:04.641574,192.168.121.1,192.168.110.1,DATA_RAW,1306,1
52484,2021-04-09 08:04:06.818259,192.168.121.1,192.168.110.1,DATA_RAW,1306,1
52582,2021-04-09 08:04:08.995050,192.168.121.1,192.168.110.1,DATA_RAW,1306,1
52583,2021-04-09 08:04:11.171712,192.168.121.1,192.168.110.1,DATA_RAW,1306,1
28719,2021-04-09 08:05:34.501282,192.168.121.1,192.168.110.1,DATA_RAW,1306,1
52635,2021-04-09 08:04:14.281229,192.168.121.1,192.168.110.1,DATA_RAW,1306,1
52811,2021-04-09 08:04:16.457891,192.168.121.1,192.168.110.1,DATA_RAW,1306,1
27625,2021-04-09 08:04:20.900021,192.168.121.1,192.168.110.1,DATA_RAW,1306,1
27626,2021-04-09 08:04:29.969516,192.168.121.1,192.168.110.1,DATA_RAW,1306,1
27654,2021-04-09 08:05:08.381251,192.168.121.1,192.168.110.1,DATA_RAW,1306,1
27678,2021-04-09 08:05:10.557903,192.168.121.1,192.168.110.1,DATA_RAW,1306,1
27911,2021-04-09 08:05:12.734575,192.168.121.1,192.168.110.1,DATA_RAW,1306,1
27931,2021-04-09 08:05:14.911281,192.168.121.1,192.168.110.1,DATA_RAW,1306,1
28101,2021-04-09 08:05:17.087945,192.168.121.1,192.168.110.1,DATA_RAW,1306,1
28226,2021-04-09 08:05:19.264568,192.168.121.1,192.168.110.1,DATA_RAW,1306,1
28304,2021-04-09 08:05:21.441223,192.168.121.1,192.168.110.1,DATA_RAW,1306,1
28394,2021-04-09 08:05:23.617949,192.168.121.1,192.168.110.1,DATA_RAW,1306,1
28427,2021-04-09 08:05:25.794563,192.168.121.1,192.168.110.1,DATA_RAW,1306,1
28816,2021-04-09 08:05:38.854620,192.168.121.1,192.168.110.1,DATA_RAW,1306,1
28857,2021-04-09 08:05:41.964141,192.168.121.1,192.168.110.1,DATA_RAW,1306,1
28862,2021-04-09 08:05:46.406198,192.168.121.1,192.168.110.1,DATA_RAW,1306,1
28915,2021-04-09 08:05:55.475760,192.168.121.1,192.168.110.1,DATA_RAW,1306,1
29105,2021-04-09 08:05:57.652433,192.168.121.1,192.168.110.1,DATA_RAW,1306,1
29250,2021-04-09 08:05:59.829094,192.168.121.1,192.168.110.1,DATA_RAW,1306,1
29281,2021-04-09 08:06:02.005761,192.168.121.1,192.168.110.1,DATA_RAW,1306,1
29421,2021-04-09 08:06:04.182431,192.168.121.1,192.168.110.1,DATA_RAW,1306,1
29482,2021-04-09 08:06:06.359034,192.168.121.1,192.168.110.1,DATA_RAW,1306,1
29484,2021-04-09 08:06:08.535764,192.168.121.1,192.168.110.1,DATA_RAW,1306,1
29574,2021-04-09 08:06:11.645291,192.168.121.1,192.168.110.1,DATA_RAW,1306,1
29673,2021-04-09 08:06:13.821952,192.168.121.1,192.168.110.1,DATA_RAW,1306,1
29738,2021-04-09 08:06:15.998560,192.168.121.1,192.168.110.1,DATA_RAW,1306,1
29740,2021-04-09 08:06:19.108135,192.168.121.1,192.168.110.1,DATA_RAW,1306,1
29791,2021-04-09 08:06:23.550191,192.168.121.1,192.168.110.1,DATA_RAW,1306,1
29843,2021-04-09 08:06:32.619764,192.168.121.1,192.168.110.1,DATA_RAW,1306,1
11059,2021-04-09 08:13:56.803626,192.168.121.1,192.168.110.1,DATA_RAW,1306,1
29844,2021-04-09 08:07:27.036435,192.168.121.1,192.168.110.1,DATA_RAW,1306,1
29850,2021-04-09 08:07:28.124768,192.168.121.1,192.168.110.1,DATA_RAW,1306,1
29857,2021-04-09 08:07:30.301370,192.168.121.1,192.168.110.1,DATA_RAW,1306,1
29882,2021-04-09 08:07:31.389698,192.168.121.1,192.168.110.1,DATA_RAW,1306,1
29956,2021-04-09 08:07:33.566311,192.168.121.1,192.168.110.1,DATA_RAW,1306,1
30021,2021-04-09 08:07:35.743098,192.168.121.1,192.168.110.1,DATA_RAW,1306,1
30094,2021-04-09 08:07:37.919755,192.168.121.1,192.168.110.1,DATA_RAW,1306,1
30187,2021-04-09 08:07:40.096427,192.168.121.1,192.168.110.1,DATA_RAW,1306,1
30191,2021-04-09 08:07:42.272965,192.168.121.1,192.168.110.1,DATA_RAW,1306,1
30196,2021-04-09 08:07:44.449762,192.168.121.1,192.168.110.1,DATA_RAW,1306,1
30250,2021-04-09 08:07:46.626435,192.168.121.1,192.168.110.1,DATA_RAW,1306,1
30266,2021-04-09 08:07:48.803102,192.168.121.1,192.168.110.1,DATA_RAW,1306,1
30464,2021-04-09 08:07:50.979757,192.168.121.1,192.168.110.1,DATA_RAW,1306,1
30498,2021-04-09 08:07:53.156431,192.168.121.1,192.168.110.1,DATA_RAW,1306,1
30502,2021-04-09 08:07:55.333049,192.168.121.1,192.168.110.1,DATA_RAW,1306,1
30559,2021-04-09 08:07:57.509687,192.168.121.1,192.168.110.1,DATA_RAW,1306,1
30576,2021-04-09 08:07:59.686347,192.168.121.1,192.168.110.1,DATA_RAW,1306,1
30642,2021-04-09 08:08:01.863039,192.168.121.1,192.168.110.1,DATA_RAW,1306,1
30682,2021-04-09 08:08:04.039702,192.168.121.1,192.168.110.1,DATA_RAW,1306,1
30698,2021-04-09 08:08:06.216423,192.168.121.1,192.168.110.1,DATA_RAW,1306,1
30704,2021-04-09 08:08:08.393100,192.168.121.1,192.168.110.1,DATA_RAW,1306,1
30744,2021-04-09 08:08:10.569760,192.168.121.1,192.168.110.1,DATA_RAW,1306,1
30751,2021-04-09 08:08:12.746322,192.168.121.1,192.168.110.1,DATA_RAW,1306,1
30806,2021-04-09 08:08:14.923089,192.168.121.1,192.168.110.1,DATA_RAW,1306,1
30836,2021-04-09 08:08:17.099767,192.168.121.1,192.168.110.1,DATA_RAW,1306,1
30864,2021-04-09 08:08:20.209290,192.168.121.1,192.168.110.1,DATA_RAW,1306,1
30915,2021-04-09 08:08:22.385952,192.168.121.1,192.168.110.1,DATA_RAW,1306,1
50660,2021-04-09 08:08:25.495395,192.168.121.1,192.168.110.1,DATA_RAW,1306,1
50661,2021-04-09 08:08:27.672137,192.168.121.1,192.168.110.1,DATA_RAW,1306,1
50668,2021-04-09 08:08:30.781678,192.168.121.1,192.168.110.1,DATA_RAW,1306,1
50725,2021-04-09 08:08:35.223848,192.168.121.1,192.168.110.1,DATA_RAW,1306,1
50735,2021-04-09 08:08:48.283838,192.168.121.1,192.168.110.1,DATA_RAW,1306,1
50832,2021-04-09 08:08:51.393361,192.168.121.1,192.168.110.1,DATA_RAW,1306,1
50956,2021-04-09 08:08:57.764106,192.168.121.1,192.168.110.1,DATA_RAW,1306,1
11138,2021-04-09 08:13:58.980354,192.168.121.1,192.168.110.1,DATA_RAW,1306,1
50982,2021-04-09 08:09:16.421242,192.168.121.1,192.168.110.1,DATA_RAW,1306,1
51060,2021-04-09 08:09:18.597858,192.168.121.1,192.168.110.1,DATA_RAW,1306,1
51066,2021-04-09 08:09:20.774582,192.168.121.1,192.168.110.1,DATA_RAW,1306,1
51101,2021-04-09 08:09:22.951192,192.168.121.1,192.168.110.1,DATA_RAW,1306,1
51121,2021-04-09 08:09:25.127916,192.168.121.1,192.168.110.1,DATA_RAW,1306,1
51130,2021-04-09 08:09:27.304582,192.168.121.1,192.168.110.1,DATA_RAW,1306,1
51161,2021-04-09 08:09:29.481243,192.168.121.1,192.168.110.1,DATA_RAW,1306,1
51192,2021-04-09 08:09:31.657904,192.168.121.1,192.168.110.1,DATA_RAW,1306,1
51234,2021-04-09 08:09:33.834495,192.168.121.1,192.168.110.1,DATA_RAW,1306,1
51345,2021-04-09 08:09:36.011246,192.168.121.1,192.168.110.1,DATA_RAW,1306,1
51369,2021-04-09 08:09:38.187911,192.168.121.1,192.168.110.1,DATA_RAW,1306,1
51407,2021-04-09 08:09:40.364573,192.168.121.1,192.168.110.1,DATA_RAW,1306,1
51585,2021-04-09 08:09:42.541239,192.168.121.1,192.168.110.1,DATA_RAW,1306,1
51692,2021-04-09 08:09:44.717873,192.168.121.1,192.168.110.1,DATA_RAW,1306,1
51697,2021-04-09 08:09:46.894575,192.168.121.1,192.168.110.1,DATA_RAW,1306,1
51735,2021-04-09 08:09:49.071245,192.168.121.1,192.168.110.1,DATA_RAW,1306,1
51814,2021-04-09 08:09:52.180772,192.168.121.1,192.168.110.1,DATA_RAW,1306,1
51820,2021-04-09 08:09:54.357367,192.168.121.1,192.168.110.1,DATA_RAW,1306,1
51831,2021-04-09 08:09:57.466902,192.168.121.1,192.168.110.1,DATA_RAW,1306,1
51934,2021-04-09 08:10:03.837685,192.168.121.1,192.168.110.1,DATA_RAW,1306,1
51936,2021-04-09 08:10:22.494772,192.168.121.1,192.168.110.1,DATA_RAW,1306,1
52094,2021-04-09 08:10:24.671503,192.168.121.1,192.168.110.1,DATA_RAW,1306,1
52151,2021-04-09 08:10:26.848143,192.168.121.1,192.168.110.1,DATA_RAW,1306,1
52174,2021-04-09 08:10:29.024825,192.168.121.1,192.168.110.1,DATA_RAW,1306,1
52251,2021-04-09 08:10:31.201499,192.168.121.1,192.168.110.1,DATA_RAW,1306,1
52268,2021-04-09 08:10:33.378151,192.168.121.1,192.168.110.1,DATA_RAW,1306,1
52366,2021-04-09 08:10:36.487689,192.168.121.1,192.168.110.1,DATA_RAW,1306,1
52430,2021-04-09 08:10:38.664354,192.168.121.1,192.168.110.1,DATA_RAW,1306,1
52456,2021-04-09 08:10:41.773873,192.168.121.1,192.168.110.1,DATA_RAW,1306,1
52517,2021-04-09 08:10:43.950551,192.168.121.1,192.168.110.1,DATA_RAW,1306,1
52519,2021-04-09 08:10:47.060013,192.168.121.1,192.168.110.1,DATA_RAW,1306,1
52596,2021-04-09 08:10:53.430686,192.168.121.1,192.168.110.1,DATA_RAW,1306,1
52776,2021-04-09 08:11:12.087864,192.168.121.1,192.168.110.1,DATA_RAW,1306,1
52886,2021-04-09 08:11:14.264613,192.168.121.1,192.168.110.1,DATA_RAW,1306,1
52913,2021-04-09 08:11:16.441284,192.168.121.1,192.168.110.1,DATA_RAW,1306,1
52951,2021-04-09 08:11:18.617906,192.168.121.1,192.168.110.1,DATA_RAW,1306,1
53002,2021-04-09 08:11:20.794555,192.168.121.1,192.168.110.1,DATA_RAW,1306,1
53007,2021-04-09 08:11:22.971276,192.168.121.1,192.168.110.1,DATA_RAW,1306,1
53016,2021-04-09 08:11:26.080801,192.168.121.1,192.168.110.1,DATA_RAW,1306,1
53126,2021-04-09 08:11:28.257474,192.168.121.1,192.168.110.1,DATA_RAW,1306,1
53350,2021-04-09 08:11:31.366875,192.168.121.1,192.168.110.1,DATA_RAW,1306,1
53448,2021-04-09 08:11:35.809163,192.168.121.1,192.168.110.1,DATA_RAW,1306,1
11148,2021-04-09 08:14:01.156964,192.168.121.1,192.168.110.1,DATA_RAW,1306,1
53505,2021-04-09 08:11:48.869086,192.168.121.1,192.168.110.1,DATA_RAW,1306,1
53531,2021-04-09 08:11:51.045837,192.168.121.1,192.168.110.1,DATA_RAW,1306,1
53538,2021-04-09 08:11:54.155318,192.168.121.1,192.168.110.1,DATA_RAW,1306,1
53610,2021-04-09 08:11:56.331961,192.168.121.1,192.168.110.1,DATA_RAW,1306,1
8991,2021-04-09 08:11:59.441551,192.168.121.1,192.168.110.1,DATA_RAW,1306,1
8992,2021-04-09 08:12:03.883728,192.168.121.1,192.168.110.1,DATA_RAW,1306,1
9036,2021-04-09 08:12:12.953224,192.168.121.1,192.168.110.1,DATA_RAW,1306,1
9041,2021-04-09 08:12:15.129759,192.168.121.1,192.168.110.1,DATA_RAW,1306,1
9060,2021-04-09 08:12:18.239364,192.168.121.1,192.168.110.1,DATA_RAW,1306,1
9235,2021-04-09 08:12:20.416022,192.168.121.1,192.168.110.1,DATA_RAW,1306,1
9300,2021-04-09 08:12:23.525550,192.168.121.1,192.168.110.1,DATA_RAW,1306,1
9360,2021-04-09 08:12:29.896276,192.168.121.1,192.168.110.1,DATA_RAW,1306,1
9370,2021-04-09 08:12:48.553424,192.168.121.1,192.168.110.1,DATA_RAW,1306,1
9540,2021-04-09 08:12:50.730104,192.168.121.1,192.168.110.1,DATA_RAW,1306,1
9607,2021-04-09 08:12:52.906666,192.168.121.1,192.168.110.1,DATA_RAW,1306,1
9675,2021-04-09 08:12:55.083432,192.168.121.1,192.168.110.1,DATA_RAW,1306,1
9710,2021-04-09 08:12:57.260093,192.168.121.1,192.168.110.1,DATA_RAW,1306,1
9765,2021-04-09 08:12:59.436759,192.168.121.1,192.168.110.1,DATA_RAW,1306,1
9951,2021-04-09 08:13:01.613315,192.168.121.1,192.168.110.1,DATA_RAW,1306,1
10038,2021-04-09 08:13:03.789982,192.168.121.1,192.168.110.1,DATA_RAW,1306,1
10110,2021-04-09 08:13:05.966761,192.168.121.1,192.168.110.1,DATA_RAW,1306,1
10183,2021-04-09 08:13:08.143361,192.168.121.1,192.168.110.1,DATA_RAW,1306,1
10248,2021-04-09 08:13:10.320079,192.168.121.1,192.168.110.1,DATA_RAW,1306,1
10369,2021-04-09 08:13:12.496759,192.168.121.1,192.168.110.1,DATA_RAW,1306,1
10412,2021-04-09 08:13:15.606193,192.168.121.1,192.168.110.1,DATA_RAW,1306,1
10623,2021-04-09 08:13:17.782857,192.168.121.1,192.168.110.1,DATA_RAW,1306,1
10723,2021-04-09 08:13:20.892481,192.168.121.1,192.168.110.1,DATA_RAW,1306,1
10734,2021-04-09 08:13:27.263090,192.168.121.1,192.168.110.1,DATA_RAW,1306,1
10789,2021-04-09 08:13:45.920358,192.168.121.1,192.168.110.1,DATA_RAW,1306,1
10864,2021-04-09 08:13:48.097020,192.168.121.1,192.168.110.1,DATA_RAW,1306,1
10966,2021-04-09 08:13:50.273683,192.168.121.1,192.168.110.1,DATA_RAW,1306,1
10981,2021-04-09 08:13:52.450230,192.168.121.1,192.168.110.1,DATA_RAW,1306,1
11003,2021-04-09 08:13:54.626956,192.168.121.1,192.168.110.1,DATA_RAW,1306,1
11347,2021-04-09 08:14:05.510284,192.168.121.1,192.168.110.1,DATA_RAW,1306,1
11527,2021-04-09 08:14:07.686956,192.168.121.1,192.168.110.1,DATA_RAW,1306,1
11581,2021-04-09 08:14:09.863682,192.168.121.1,192.168.110.1,DATA_RAW,1306,1
11610,2021-04-09 08:14:12.040285,192.168.121.1,192.168.110.1,DATA_RAW,1306,1
11805,2021-04-09 08:14:14.217013,192.168.121.1,192.168.110.1,DATA_RAW,1306,1
11808,2021-04-09 08:14:16.393635,192.168.121.1,192.168.110.1,DATA_RAW,1306,1
11907,2021-04-09 08:14:19.503156,192.168.121.1,192.168.110.1,DATA_RAW,1306,1
12080,2021-04-09 08:14:21.679823,192.168.121.1,192.168.110.1,DATA_RAW,1306,1
12094,2021-04-09 08:14:26.122039,192.168.121.1,192.168.110.1,DATA_RAW,1306,1
12111,2021-04-09 08:14:35.191492,192.168.121.1,192.168.110.1,DATA_RAW,1306,1
12142,2021-04-09 08:15:13.603200,192.168.121.1,192.168.110.1,DATA_RAW,1306,1
12276,2021-04-09 08:15:17.956590,192.168.121.1,192.168.110.1,DATA_RAW,1306,1
12283,2021-04-09 08:15:22.309946,192.168.121.1,192.168.110.1,DATA_RAW,1306,1
12314,2021-04-09 08:15:26.663260,192.168.121.1,192.168.110.1,DATA_RAW,1306,1
12419,2021-04-09 08:15:31.016482,192.168.121.1,192.168.110.1,DATA_RAW,1306,1
12556,2021-04-09 08:15:35.369926,192.168.121.1,192.168.110.1,DATA_RAW,1306,1
12696,2021-04-09 08:15:39.723212,192.168.121.1,192.168.110.1,DATA_RAW,1306,1
12744,2021-04-09 08:15:44.076547,192.168.121.1,192.168.110.1,DATA_RAW,1306,1
12766,2021-04-09 08:15:48.429928,192.168.121.1,192.168.110.1,DATA_RAW,1306,1
43856,2021-04-09 08:15:52.783198,192.168.121.1,192.168.110.1,DATA_RAW,1306,1
43857,2021-04-09 08:15:57.136596,192.168.121.1,192.168.110.1,DATA_RAW,1306,1
43872,2021-04-09 08:16:01.489933,192.168.121.1,192.168.110.1,DATA_RAW,1306,1
43906,2021-04-09 08:16:05.843204,192.168.121.1,192.168.110.1,DATA_RAW,1306,1
43926,2021-04-09 08:16:10.196592,192.168.121.1,192.168.110.1,DATA_RAW,1306,1
43955,2021-04-09 08:16:14.549923,192.168.121.1,192.168.110.1,DATA_RAW,1306,1
43958,2021-04-09 08:16:18.903205,192.168.121.1,192.168.110.1,DATA_RAW,1306,1
44016,2021-04-09 08:16:23.256589,192.168.121.1,192.168.110.1,DATA_RAW,1306,1
44099,2021-04-09 08:16:27.609927,192.168.121.1,192.168.110.1,DATA_RAW,1306,1
44165,2021-04-09 08:16:31.963206,192.168.121.1,192.168.110.1,DATA_RAW,1306,1
44210,2021-04-09 08:16:36.316536,192.168.121.1,192.168.110.1,DATA_RAW,1306,1
44308,2021-04-09 08:16:40.670033,192.168.121.1,192.168.110.1,DATA_RAW,1306,1
44316,2021-04-09 08:16:45.023241,192.168.121.1,192.168.110.1,DATA_RAW,1306,1
44333,2021-04-09 08:16:53.907613,192.168.121.1,192.168.110.1,DATA_RAW,1306,1
44450,2021-04-09 08:16:58.260958,192.168.121.1,192.168.110.1,DATA_RAW,1306,1
44471,2021-04-09 08:17:07.145285,192.168.121.1,192.168.110.1,DATA_RAW,1306,1
44500,2021-04-09 08:17:13.364347,192.168.121.1,192.168.110.1,DATA_RAW,1306,1
44511,2021-04-09 08:17:17.717684,192.168.121.1,192.168.110.1,DATA_RAW,1306,1
44521,2021-04-09 08:17:26.602036,192.168.121.1,192.168.110.1,DATA_RAW,1306,1
44633,2021-04-09 08:17:30.955363,192.168.121.1,192.168.110.1,DATA_RAW,1306,1
44638,2021-04-09 08:17:39.839717,192.168.121.1,192.168.110.1,DATA_RAW,1306,1
44674,2021-04-09 08:17:44.193073,192.168.121.1,192.168.110.1,DATA_RAW,1306,1
44837,2021-04-09 08:17:57.430691,192.168.121.1,192.168.110.1,DATA_RAW,1306,1
44850,2021-04-09 08:18:06.315037,192.168.121.1,192.168.110.1,DATA_RAW,1306,1
44955,2021-04-09 08:18:10.668372,192.168.121.1,192.168.110.1,DATA_RAW,1306,1
44981,2021-04-09 08:18:19.552796,192.168.121.1,192.168.110.1,DATA_RAW,1306,1
44994,2021-04-09 08:18:23.906065,192.168.121.1,192.168.110.1,DATA_RAW,1306,1
45023,2021-04-09 08:18:32.790490,192.168.121.1,192.168.110.1,DATA_RAW,1306,1
45126,2021-04-09 08:18:37.143733,192.168.121.1,192.168.110.1,DATA_RAW,1306,1
45133,2021-04-09 08:18:46.028029,192.168.121.1,192.168.110.1,DATA_RAW,1306,1
45147,2021-04-09 08:18:50.381494,192.168.121.1,192.168.110.1,DATA_RAW,1306,1
45297,2021-04-09 08:18:59.265858,192.168.121.1,192.168.110.1,DATA_RAW,1306,1
45357,2021-04-09 08:19:36.580134,192.168.121.1,192.168.110.1,DATA_RAW,1306,1
45364,2021-04-09 08:19:40.933462,192.168.121.1,192.168.110.1,DATA_RAW,1306,1
45397,2021-04-09 08:19:45.286742,192.168.121.1,192.168.110.1,DATA_RAW,1306,1
45401,2021-04-09 08:19:49.639998,192.168.121.1,192.168.110.1,DATA_RAW,1306,1
45464,2021-04-09 08:19:53.993468,192.168.121.1,192.168.110.1,DATA_RAW,1306,1
45667,2021-04-09 08:19:58.346791,192.168.121.1,192.168.110.1,DATA_RAW,1306,1
45738,2021-04-09 08:20:02.700128,192.168.121.1,192.168.110.1,DATA_RAW,1306,1
45840,2021-04-09 08:20:07.053491,192.168.121.1,192.168.110.1,DATA_RAW,1306,1
46000,2021-04-09 08:20:11.406797,192.168.121.1,192.168.110.1,DATA_RAW,1306,1
46230,2021-04-09 08:20:15.760135,192.168.121.1,192.168.110.1,DATA_RAW,1306,1
46281,2021-04-09 08:20:20.113463,192.168.121.1,192.168.110.1,DATA_RAW,1306,1
46285,2021-04-09 08:20:24.466738,192.168.121.1,192.168.110.1,DATA_RAW,1306,1
46517,2021-04-09 08:20:28.820149,192.168.121.1,192.168.110.1,DATA_RAW,1306,1
46550,2021-04-09 08:20:37.704477,192.168.121.1,192.168.110.1,DATA_RAW,1306,1
46680,2021-04-09 08:20:42.057685,192.168.121.1,192.168.110.1,DATA_RAW,1306,1
46682,2021-04-09 08:20:46.411150,192.168.121.1,192.168.110.1,DATA_RAW,1306,1
30404,2021-04-09 08:20:50.764484,192.168.121.1,192.168.110.1,DATA_RAW,1306,1
30405,2021-04-09 08:20:59.648831,192.168.121.1,192.168.110.1,DATA_RAW,1306,1
30406,2021-04-09 08:21:54.065443,192.168.121.1,192.168.110.1,DATA_RAW,1306,1
30441,2021-04-09 08:21:58.418843,192.168.121.1,192.168.110.1,DATA_RAW,1306,1
30446,2021-04-09 08:22:02.772173,192.168.121.1,192.168.110.1,DATA_RAW,1306,1
30676,2021-04-09 08:22:15.832179,192.168.121.1,192.168.110.1,DATA_RAW,1306,1
30736,2021-04-09 08:22:20.185502,192.168.121.1,192.168.110.1,DATA_RAW,1306,1
30768,2021-04-09 08:22:24.538725,192.168.121.1,192.168.110.1,DATA_RAW,1306,1
30848,2021-04-09 08:22:28.892172,192.168.121.1,192.168.110.1,DATA_RAW,1306,1
30920,2021-04-09 08:22:33.245509,192.168.121.1,192.168.110.1,DATA_RAW,1306,1
30931,2021-04-09 08:22:37.598745,192.168.121.1,192.168.110.1,DATA_RAW,1306,1
30974,2021-04-09 08:22:41.952104,192.168.121.1,192.168.110.1,DATA_RAW,1306,1
30990,2021-04-09 08:22:46.305528,192.168.121.1,192.168.110.1,DATA_RAW,1306,1
31010,2021-04-09 08:22:50.658787,192.168.121.1,192.168.110.1,DATA_RAW,1306,1
31116,2021-04-09 08:22:55.012154,192.168.121.1,192.168.110.1,DATA_RAW,1306,1
31119,2021-04-09 08:22:59.365504,192.168.121.1,192.168.110.1,DATA_RAW,1306,1
31213,2021-04-09 08:23:03.718786,192.168.121.1,192.168.110.1,DATA_RAW,1306,1
31380,2021-04-09 08:23:08.072169,192.168.121.1,192.168.110.1,DATA_RAW,1306,1
31405,2021-04-09 08:23:12.425513,192.168.121.1,192.168.110.1,DATA_RAW,1306,1
31536,2021-04-09 08:23:16.778840,192.168.121.1,192.168.110.1,DATA_RAW,1306,1
31586,2021-04-09 08:23:21.132052,192.168.121.1,192.168.110.1,DATA_RAW,1306,1
31592,2021-04-09 08:23:25.485503,192.168.121.1,192.168.110.1,DATA_RAW,1306,1
31647,2021-04-09 08:23:34.192090,192.168.121.1,192.168.110.1,DATA_RAW,1306,1
31798,2021-04-09 08:23:38.545507,192.168.121.1,192.168.110.1,DATA_RAW,1306,1
31801,2021-04-09 08:23:42.898838,192.168.121.1,192.168.110.1,DATA_RAW,1306,1
31986,2021-04-09 08:23:47.252170,192.168.121.1,192.168.110.1,DATA_RAW,1306,1
31988,2021-04-09 08:23:51.605412,192.168.121.1,192.168.110.1,DATA_RAW,1306,1
32138,2021-04-09 08:23:55.958845,192.168.121.1,192.168.110.1,DATA_RAW,1306,1
32238,2021-04-09 08:24:00.312173,192.168.121.1,192.168.110.1,DATA_RAW,1306,1
32243,2021-04-09 08:24:04.665436,192.168.121.1,192.168.110.1,DATA_RAW,1306,1
32278,2021-04-09 08:24:13.372167,192.168.121.1,192.168.110.1,DATA_RAW,1306,1
32312,2021-04-09 08:24:22.078783,192.168.121.1,192.168.110.1,DATA_RAW,1306,1
32371,2021-04-09 08:24:30.785489,192.168.121.1,192.168.110.1,DATA_RAW,1306,1
32531,2021-04-09 08:24:48.675931,192.168.121.1,192.168.110.1,DATA_RAW,1306,1
32672,2021-04-09 08:24:57.382582,192.168.121.1,192.168.110.1,DATA_RAW,1306,1
32743,2021-04-09 08:25:06.089248,192.168.121.1,192.168.110.1,DATA_RAW,1306,1
32774,2021-04-09 08:25:43.403533,192.168.121.1,192.168.110.1,DATA_RAW,1306,1
32796,2021-04-09 08:25:52.110207,192.168.121.1,192.168.110.1,DATA_RAW,1306,1
32805,2021-04-09 08:26:00.816855,192.168.121.1,192.168.110.1,DATA_RAW,1306,1
32855,2021-04-09 08:26:09.523539,192.168.121.1,192.168.110.1,DATA_RAW,1306,1
33001,2021-04-09 08:26:18.230110,192.168.121.1,192.168.110.1,DATA_RAW,1306,1
33104,2021-04-09 08:26:36.120609,192.168.121.1,192.168.110.1,DATA_RAW,1306,1
33123,2021-04-09 08:26:44.827289,192.168.121.1,192.168.110.1,DATA_RAW,1306,1
33134,2021-04-09 08:27:22.141571,192.168.121.1,192.168.110.1,DATA_RAW,1306,1
33139,2021-04-09 08:27:30.848236,192.168.121.1,192.168.110.1,DATA_RAW,1306,1
33204,2021-04-09 08:27:39.554902,192.168.121.1,192.168.110.1,DATA_RAW,1306,1
33281,2021-04-09 08:27:48.261502,192.168.121.1,192.168.110.1,DATA_RAW,1306,1
33298,2021-04-09 08:27:56.968234,192.168.121.1,192.168.110.1,DATA_RAW,1306,1
33333,2021-04-09 08:28:34.282401,192.168.121.1,192.168.110.1,DATA_RAW,1306,1
33541,2021-04-09 08:28:38.635826,192.168.121.1,192.168.110.1,DATA_RAW,1306,1
23667,2021-04-09 08:28:42.989181,192.168.121.1,192.168.110.1,DATA_RAW,1306,1
23668,2021-04-09 08:28:47.342434,192.168.121.1,192.168.110.1,DATA_RAW,1306,1
23670,2021-04-09 08:28:51.695799,192.168.121.1,192.168.110.1,DATA_RAW,1306,1
23697,2021-04-09 08:28:56.049201,192.168.121.1,192.168.110.1,DATA_RAW,1306,1
23915,2021-04-09 08:29:00.402433,192.168.121.1,192.168.110.1,DATA_RAW,1306,1
23955,2021-04-09 08:29:04.755791,192.168.121.1,192.168.110.1,DATA_RAW,1306,1
24019,2021-04-09 08:29:10.974782,192.168.121.1,192.168.110.1,DATA_RAW,1306,1
24056,2021-04-09 08:29:29.113780,192.168.121.1,192.168.110.1,DATA_RAW,1306,1
24190,2021-04-09 08:30:29.113799,192.168.121.1,192.168.110.1,DATA_RAW,1306,1
24196,2021-04-09 08:30:33.467205,192.168.121.1,192.168.110.1,DATA_RAW,1306,1
24214,2021-04-09 08:30:37.820597,192.168.121.1,192.168.110.1,DATA_RAW,1306,1
24367,2021-04-09 08:30:42.173874,192.168.121.1,192.168.110.1,DATA_RAW,1306,1
24415,2021-04-09 08:30:46.527263,192.168.121.1,192.168.110.1,DATA_RAW,1306,1
24486,2021-04-09 08:30:50.880596,192.168.121.1,192.168.110.1,DATA_RAW,1306,1
24581,2021-04-09 08:30:55.233927,192.168.121.1,192.168.110.1,DATA_RAW,1306,1
24589,2021-04-09 08:30:59.587192,192.168.121.1,192.168.110.1,DATA_RAW,1306,1
24606,2021-04-09 08:31:03.940530,192.168.121.1,192.168.110.1,DATA_RAW,1306,1
24629,2021-04-09 08:31:08.293924,192.168.121.1,192.168.110.1,DATA_RAW,1306,1
24790,2021-04-09 08:31:12.647255,192.168.121.1,192.168.110.1,DATA_RAW,1306,1
24796,2021-04-09 08:31:17.000543,192.168.121.1,192.168.110.1,DATA_RAW,1306,1
24827,2021-04-09 08:31:21.353868,192.168.121.1,192.168.110.1,DATA_RAW,1306,1
24911,2021-04-09 08:31:25.707198,192.168.121.1,192.168.110.1,DATA_RAW,1306,1
24984,2021-04-09 08:31:30.060586,192.168.121.1,192.168.110.1,DATA_RAW,1306,1
25087,2021-04-09 08:31:34.413872,192.168.121.1,192.168.110.1,DATA_RAW,1306,1
25106,2021-04-09 08:31:38.767205,192.168.121.1,192.168.110.1,DATA_RAW,1306,1
25211,2021-04-09 08:31:43.120598,192.168.121.1,192.168.110.1,DATA_RAW,1306,1
25213,2021-04-09 08:31:47.473947,192.168.121.1,192.168.110.1,DATA_RAW,1306,1
25239,2021-04-09 08:31:51.827259,192.168.121.1,192.168.110.1,DATA_RAW,1306,1
25269,2021-04-09 08:31:56.180529,192.168.121.1,192.168.110.1,DATA_RAW,1306,1
25293,2021-04-09 08:32:05.064950,192.168.121.1,192.168.110.1,DATA_RAW,1306,1
25387,2021-04-09 08:32:09.418283,192.168.121.1,192.168.110.1,DATA_RAW,1306,1
25500,2021-04-09 08:32:15.637327,192.168.121.1,192.168.110.1,DATA_RAW,1306,1
25654,2021-04-09 08:32:19.990606,192.168.121.1,192.168.110.1,DATA_RAW,1306,1
25659,2021-04-09 08:32:28.875021,192.168.121.1,192.168.110.1,DATA_RAW,1306,1
25676,2021-04-09 08:32:33.228278,192.168.121.1,192.168.110.1,DATA_RAW,1306,1
25858,2021-04-09 08:32:42.112701,192.168.121.1,192.168.110.1,DATA_RAW,1306,1
26058,2021-04-09 08:32:50.997055,192.168.121.1,192.168.110.1,DATA_RAW,1306,1
26061,2021-04-09 08:32:55.350269,192.168.121.1,192.168.110.1,DATA_RAW,1306,1
26064,2021-04-09 08:33:04.234633,192.168.121.1,192.168.110.1,DATA_RAW,1306,1
26073,2021-04-09 08:33:08.588075,192.168.121.1,192.168.110.1,DATA_RAW,1306,1
26122,2021-04-09 08:33:17.472433,192.168.121.1,192.168.110.1,DATA_RAW,1306,1
26142,2021-04-09 08:33:21.825765,192.168.121.1,192.168.110.1,DATA_RAW,1306,1
26326,2021-04-09 08:33:30.710132,192.168.121.1,192.168.110.1,DATA_RAW,1306,1
26531,2021-04-09 08:33:43.947674,192.168.121.1,192.168.110.1,DATA_RAW,1306,1
26555,2021-04-09 08:33:48.301136,192.168.121.1,192.168.110.1,DATA_RAW,1306,1
26583,2021-04-09 08:33:57.185488,192.168.121.1,192.168.110.1,DATA_RAW,1306,1
26675,2021-04-09 08:34:01.538827,192.168.121.1,192.168.110.1,DATA_RAW,1306,1
26699,2021-04-09 08:34:05.892157,192.168.121.1,192.168.110.1,DATA_RAW,1306,1
26725,2021-04-09 08:34:14.776397,192.168.121.1,192.168.110.1,DATA_RAW,1306,1
26749,2021-04-09 08:34:19.129755,192.168.121.1,192.168.110.1,DATA_RAW,1306,1
26773,2021-04-09 08:34:28.014143,192.168.121.1,192.168.110.1,DATA_RAW,1306,1
21417,2021-04-09 08:34:32.367532,192.168.121.1,192.168.110.1,DATA_RAW,1306,1
21418,2021-04-09 08:34:36.720864,192.168.121.1,192.168.110.1,DATA_RAW,1306,1
21467,2021-04-09 08:34:45.605221,192.168.121.1,192.168.110.1,DATA_RAW,1306,1
21468,2021-04-09 08:34:49.958472,192.168.121.1,192.168.110.1,DATA_RAW,1306,1
21627,2021-04-09 08:34:54.311884,192.168.121.1,192.168.110.1,DATA_RAW,1306,1
23049,2021-04-09 08:37:43.292292,192.168.121.1,192.168.110.1,DATA_RAW,1306,1
21630,2021-04-09 08:35:03.196180,192.168.121.1,192.168.110.1,DATA_RAW,1306,1
21722,2021-04-09 08:35:07.549572,192.168.121.1,192.168.110.1,DATA_RAW,1306,1
21892,2021-04-09 08:35:11.902851,192.168.121.1,192.168.110.1,DATA_RAW,1306,1
21913,2021-04-09 08:35:20.787145,192.168.121.1,192.168.110.1,DATA_RAW,1306,1
22009,2021-04-09 08:35:25.140595,192.168.121.1,192.168.110.1,DATA_RAW,1306,1
22059,2021-04-09 08:35:34.024945,192.168.121.1,192.168.110.1,DATA_RAW,1306,1
22211,2021-04-09 08:35:38.378306,192.168.121.1,192.168.110.1,DATA_RAW,1306,1
22223,2021-04-09 08:35:42.731606,192.168.121.1,192.168.110.1,DATA_RAW,1306,1
22301,2021-04-09 08:35:47.084949,192.168.121.1,192.168.110.1,DATA_RAW,1306,1
22305,2021-04-09 08:35:55.969297,192.168.121.1,192.168.110.1,DATA_RAW,1306,1
22325,2021-04-09 08:36:33.283618,192.168.121.1,192.168.110.1,DATA_RAW,1306,1
22355,2021-04-09 08:36:37.636791,192.168.121.1,192.168.110.1,DATA_RAW,1306,1
22409,2021-04-09 08:36:41.990267,192.168.121.1,192.168.110.1,DATA_RAW,1306,1
22412,2021-04-09 08:36:46.343592,192.168.121.1,192.168.110.1,DATA_RAW,1306,1
22551,2021-04-09 08:36:50.696917,192.168.121.1,192.168.110.1,DATA_RAW,1306,1
22577,2021-04-09 08:36:55.050208,192.168.121.1,192.168.110.1,DATA_RAW,1306,1
22581,2021-04-09 08:36:59.403584,192.168.121.1,192.168.110.1,DATA_RAW,1306,1
22638,2021-04-09 08:37:03.756912,192.168.121.1,192.168.110.1,DATA_RAW,1306,1
22656,2021-04-09 08:37:08.110300,192.168.121.1,192.168.110.1,DATA_RAW,1306,1
22721,2021-04-09 08:37:12.463582,192.168.121.1,192.168.110.1,DATA_RAW,1306,1
22891,2021-04-09 08:37:16.816926,192.168.121.1,192.168.110.1,DATA_RAW,1306,1
22906,2021-04-09 08:37:21.170134,192.168.121.1,192.168.110.1,DATA_RAW,1306,1
22926,2021-04-09 08:37:30.054510,192.168.121.1,192.168.110.1,DATA_RAW,1306,1
22936,2021-04-09 08:37:34.407942,192.168.121.1,192.168.110.1,DATA_RAW,1306,1
23132,2021-04-09 08:38:37.708959,192.168.121.1,192.168.110.1,DATA_RAW,1306,1
23256,2021-04-09 08:38:42.062304,192.168.121.1,192.168.110.1,DATA_RAW,1306,1
23398,2021-04-09 08:38:50.768962,192.168.121.1,192.168.110.1,DATA_RAW,1306,1
23420,2021-04-09 08:38:59.475661,192.168.121.1,192.168.110.1,DATA_RAW,1306,1
23629,2021-04-09 08:39:08.182229,192.168.121.1,192.168.110.1,DATA_RAW,1306,1
23665,2021-04-09 08:39:16.888957,192.168.121.1,192.168.110.1,DATA_RAW,1306,1
23721,2021-04-09 08:39:25.595536,192.168.121.1,192.168.110.1,DATA_RAW,1306,1
23814,2021-04-09 08:39:34.302246,192.168.121.1,192.168.110.1,DATA_RAW,1306,1
23867,2021-04-09 08:39:43.008978,192.168.121.1,192.168.110.1,DATA_RAW,1306,1
23885,2021-04-09 08:39:51.715625,192.168.121.1,192.168.110.1,DATA_RAW,1306,1
23998,2021-04-09 08:40:00.422186,192.168.121.1,192.168.110.1,DATA_RAW,1306,1
24032,2021-04-09 08:40:09.128948,192.168.121.1,192.168.110.1,DATA_RAW,1306,1
24058,2021-04-09 08:40:17.835623,192.168.121.1,192.168.110.1,DATA_RAW,1306,1
24059,2021-04-09 08:40:26.542297,192.168.121.1,192.168.110.1,DATA_RAW,1306,1
24189,2021-04-09 08:40:35.248958,192.168.121.1,192.168.110.1,DATA_RAW,1306,1
24334,2021-04-09 08:40:43.955627,192.168.121.1,192.168.110.1,DATA_RAW,1306,1
24337,2021-04-09 08:40:52.662291,192.168.121.1,192.168.110.1,DATA_RAW,1306,1
24347,2021-04-09 08:41:01.368956,192.168.121.1,192.168.110.1,DATA_RAW,1306,1
17227,2021-04-09 08:41:10.075620,192.168.121.1,192.168.110.1,DATA_RAW,1306,1
17228,2021-04-09 08:41:18.782287,192.168.121.1,192.168.110.1,DATA_RAW,1306,1
17327,2021-04-09 08:41:27.488962,192.168.121.1,192.168.110.1,DATA_RAW,1306,1
17420,2021-04-09 08:41:36.195627,192.168.121.1,192.168.110.1,DATA_RAW,1306,1
17456,2021-04-09 08:41:44.902230,192.168.121.1,192.168.110.1,DATA_RAW,1306,1
17513,2021-04-09 08:41:53.608973,192.168.121.1,192.168.110.1,DATA_RAW,1306,1
17534,2021-04-09 08:42:02.315625,192.168.121.1,192.168.110.1,DATA_RAW,1306,1
17582,2021-04-09 08:42:39.629886,192.168.121.1,192.168.110.1,DATA_RAW,1306,1
17776,2021-04-09 08:42:48.336588,192.168.121.1,192.168.110.1,DATA_RAW,1306,1
17881,2021-04-09 08:42:57.043253,192.168.121.1,192.168.110.1,DATA_RAW,1306,1
17892,2021-04-09 08:43:05.749906,192.168.121.1,192.168.110.1,DATA_RAW,1306,1
20084,2021-04-09 08:47:32.557483,192.168.121.1,192.168.110.1,DATA_RAW,1306,1
17937,2021-04-09 08:43:43.064196,192.168.121.1,192.168.110.1,DATA_RAW,1306,1
17942,2021-04-09 08:43:51.770864,192.168.121.1,192.168.110.1,DATA_RAW,1306,1
17944,2021-04-09 08:44:00.477465,192.168.121.1,192.168.110.1,DATA_RAW,1306,1
18002,2021-04-09 08:44:09.184275,192.168.121.1,192.168.110.1,DATA_RAW,1306,1
18164,2021-04-09 08:44:46.498373,192.168.121.1,192.168.110.1,DATA_RAW,1306,1
18171,2021-04-09 08:44:50.851826,192.168.121.1,192.168.110.1,DATA_RAW,1306,1
18257,2021-04-09 08:44:55.205149,192.168.121.1,192.168.110.1,DATA_RAW,1306,1
18307,2021-04-09 08:44:59.558419,192.168.121.1,192.168.110.1,DATA_RAW,1306,1
18374,2021-04-09 08:45:03.911830,192.168.121.1,192.168.110.1,DATA_RAW,1306,1
18378,2021-04-09 08:45:08.265150,192.168.121.1,192.168.110.1,DATA_RAW,1306,1
18565,2021-04-09 08:45:12.618372,192.168.121.1,192.168.110.1,DATA_RAW,1306,1
18587,2021-04-09 08:45:16.971815,192.168.121.1,192.168.110.1,DATA_RAW,1306,1
18623,2021-04-09 08:45:21.325167,192.168.121.1,192.168.110.1,DATA_RAW,1306,1
18777,2021-04-09 08:45:25.678487,192.168.121.1,192.168.110.1,DATA_RAW,1306,1
18859,2021-04-09 08:45:30.031814,192.168.121.1,192.168.110.1,DATA_RAW,1306,1
18877,2021-04-09 08:45:34.385153,192.168.121.1,192.168.110.1,DATA_RAW,1306,1
18889,2021-04-09 08:45:38.738491,192.168.121.1,192.168.110.1,DATA_RAW,1306,1
18988,2021-04-09 08:45:47.622778,192.168.121.1,192.168.110.1,DATA_RAW,1306,1
18989,2021-04-09 08:45:51.976169,192.168.121.1,192.168.110.1,DATA_RAW,1306,1
19070,2021-04-09 08:46:00.860525,192.168.121.1,192.168.110.1,DATA_RAW,1306,1
19071,2021-04-09 08:46:05.213804,192.168.121.1,192.168.110.1,DATA_RAW,1306,1
19136,2021-04-09 08:46:09.567186,192.168.121.1,192.168.110.1,DATA_RAW,1306,1
19154,2021-04-09 08:46:13.920506,192.168.121.1,192.168.110.1,DATA_RAW,1306,1
19195,2021-04-09 08:46:18.273810,192.168.121.1,192.168.110.1,DATA_RAW,1306,1
19200,2021-04-09 08:46:22.627152,192.168.121.1,192.168.110.1,DATA_RAW,1306,1
19411,2021-04-09 08:46:31.511540,192.168.121.1,192.168.110.1,DATA_RAW,1306,1
19422,2021-04-09 08:46:44.315462,192.168.121.1,192.168.110.1,DATA_RAW,1306,1
19564,2021-04-09 08:46:48.668694,192.168.121.1,192.168.110.1,DATA_RAW,1306,1
19591,2021-04-09 08:46:53.022137,192.168.121.1,192.168.110.1,DATA_RAW,1306,1
19648,2021-04-09 08:46:57.375466,192.168.121.1,192.168.110.1,DATA_RAW,1306,1
19723,2021-04-09 08:47:01.728810,192.168.121.1,192.168.110.1,DATA_RAW,1306,1
19870,2021-04-09 08:47:06.082126,192.168.121.1,192.168.110.1,DATA_RAW,1306,1
19880,2021-04-09 08:47:14.966490,192.168.121.1,192.168.110.1,DATA_RAW,1306,1
19882,2021-04-09 08:47:19.319764,192.168.121.1,192.168.110.1,DATA_RAW,1306,1
19931,2021-04-09 08:47:28.204173,192.168.121.1,192.168.110.1,DATA_RAW,1306,1
20206,2021-04-09 08:47:41.441860,192.168.121.1,192.168.110.1,DATA_RAW,1306,1
20217,2021-04-09 08:47:45.795140,192.168.121.1,192.168.110.1,DATA_RAW,1306,1
20331,2021-04-09 08:47:50.148412,192.168.121.1,192.168.110.1,DATA_RAW,1306,1
56991,2021-04-09 08:47:59.032890,192.168.121.1,192.168.110.1,DATA_RAW,1306,1
56992,2021-04-09 08:48:03.386220,192.168.121.1,192.168.110.1,DATA_RAW,1306,1
57031,2021-04-09 08:48:12.270488,192.168.121.1,192.168.110.1,DATA_RAW,1306,1
57125,2021-04-09 08:48:16.623905,192.168.121.1,192.168.110.1,DATA_RAW,1306,1
57214,2021-04-09 08:48:25.508251,192.168.121.1,192.168.110.1,DATA_RAW,1306,1
57355,2021-04-09 08:49:19.924931,192.168.121.1,192.168.110.1,DATA_RAW,1306,1
57374,2021-04-09 08:49:24.278205,192.168.121.1,192.168.110.1,DATA_RAW,1306,1
57382,2021-04-09 08:49:28.631467,192.168.121.1,192.168.110.1,DATA_RAW,1306,1
57541,2021-04-09 08:49:32.984921,192.168.121.1,192.168.110.1,DATA_RAW,1306,1
57545,2021-04-09 08:49:37.338193,192.168.121.1,192.168.110.1,DATA_RAW,1306,1
57547,2021-04-09 08:49:41.691540,192.168.121.1,192.168.110.1,DATA_RAW,1306,1
57610,2021-04-09 08:49:46.044935,192.168.121.1,192.168.110.1,DATA_RAW,1306,1
57682,2021-04-09 08:49:50.398125,192.168.121.1,192.168.110.1,DATA_RAW,1306,1
57698,2021-04-09 08:49:54.751534,192.168.121.1,192.168.110.1,DATA_RAW,1306,1
57701,2021-04-09 08:49:59.104927,192.168.121.1,192.168.110.1,DATA_RAW,1306,1
57863,2021-04-09 08:50:03.458226,192.168.121.1,192.168.110.1,DATA_RAW,1306,1
57950,2021-04-09 08:50:07.811595,192.168.121.1,192.168.110.1,DATA_RAW,1306,1
57984,2021-04-09 08:50:12.164934,192.168.121.1,192.168.110.1,DATA_RAW,1306,1
58046,2021-04-09 08:50:16.518260,192.168.121.1,192.168.110.1,DATA_RAW,1306,1
58132,2021-04-09 08:50:25.224929,192.168.121.1,192.168.110.1,DATA_RAW,1306,1
58138,2021-04-09 08:50:29.578203,192.168.121.1,192.168.110.1,DATA_RAW,1306,1
58262,2021-04-09 08:50:33.931611,192.168.121.1,192.168.110.1,DATA_RAW,1306,1
58359,2021-04-09 08:50:38.284924,192.168.121.1,192.168.110.1,DATA_RAW,1306,1
58412,2021-04-09 08:50:42.638147,192.168.121.1,192.168.110.1,DATA_RAW,1306,1
58563,2021-04-09 08:50:46.991516,192.168.121.1,192.168.110.1,DATA_RAW,1306,1
58616,2021-04-09 08:50:51.344869,192.168.121.1,192.168.110.1,DATA_RAW,1306,1
58631,2021-04-09 08:50:55.698156,192.168.121.1,192.168.110.1,DATA_RAW,1306,1
58698,2021-04-09 08:51:00.051597,192.168.121.1,192.168.110.1,DATA_RAW,1306,1
58742,2021-04-09 08:51:08.935949,192.168.121.1,192.168.110.1,DATA_RAW,1306,1
58765,2021-04-09 08:51:50.603572,192.168.121.1,192.168.110.1,DATA_RAW,1306,1
58805,2021-04-09 08:51:54.956897,192.168.121.1,192.168.110.1,DATA_RAW,1306,1
58984,2021-04-09 08:51:59.310151,192.168.121.1,192.168.110.1,DATA_RAW,1306,1
59110,2021-04-09 08:52:03.663565,192.168.121.1,192.168.110.1,DATA_RAW,1306,1
59172,2021-04-09 08:52:08.016892,192.168.121.1,192.168.110.1,DATA_RAW,1306,1
59179,2021-04-09 08:52:12.370148,192.168.121.1,192.168.110.1,DATA_RAW,1306,1
59212,2021-04-09 08:52:21.254538,192.168.121.1,192.168.110.1,DATA_RAW,1306,1
59284,2021-04-09 08:52:25.607923,192.168.121.1,192.168.110.1,DATA_RAW,1306,1
59433,2021-04-09 08:52:29.961248,192.168.121.1,192.168.110.1,DATA_RAW,1306,1
59445,2021-04-09 08:52:34.314589,192.168.121.1,192.168.110.1,DATA_RAW,1306,1
59529,2021-04-09 08:52:43.198874,192.168.121.1,192.168.110.1,DATA_RAW,1306,1
59602,2021-04-09 08:52:47.552199,192.168.121.1,192.168.110.1,DATA_RAW,1306,1
59663,2021-04-09 08:52:51.905610,192.168.121.1,192.168.110.1,DATA_RAW,1306,1
59667,2021-04-09 08:52:56.258854,192.168.121.1,192.168.110.1,DATA_RAW,1306,1
59680,2021-04-09 08:53:00.612269,192.168.121.1,192.168.110.1,DATA_RAW,1306,1
59903,2021-04-09 08:53:13.849953,192.168.121.1,192.168.110.1,DATA_RAW,1306,1
59969,2021-04-09 08:53:18.203301,192.168.121.1,192.168.110.1,DATA_RAW,1306,1
10143,2021-04-09 08:53:27.087607,192.168.121.1,192.168.110.1,DATA_RAW,1306,1
10144,2021-04-09 08:53:31.440981,192.168.121.1,192.168.110.1,DATA_RAW,1306,1
10285,2021-04-09 08:53:35.794179,192.168.121.1,192.168.110.1,DATA_RAW,1306,1
10323,2021-04-09 08:53:40.147638,192.168.121.1,192.168.110.1,DATA_RAW,1306,1
10335,2021-04-09 08:53:49.031999,192.168.121.1,192.168.110.1,DATA_RAW,1306,1
10416,2021-04-09 08:54:01.835862,192.168.121.1,192.168.110.1,DATA_RAW,1306,1
10417,2021-04-09 08:54:06.189199,192.168.121.1,192.168.110.1,DATA_RAW,1306,1
10513,2021-04-09 08:54:10.542506,192.168.121.1,192.168.110.1,DATA_RAW,1306,1
10514,2021-04-09 08:54:14.895919,192.168.121.1,192.168.110.1,DATA_RAW,1306,1
10735,2021-04-09 08:54:23.780270,192.168.121.1,192.168.110.1,DATA_RAW,1306,1
10740,2021-04-09 08:54:28.133599,192.168.121.1,192.168.110.1,DATA_RAW,1306,1
10850,2021-04-09 08:54:32.486884,192.168.121.1,192.168.110.1,DATA_RAW,1306,1
11043,2021-04-09 08:54:36.840286,192.168.121.1,192.168.110.1,DATA_RAW,1306,1
11061,2021-04-09 08:54:41.193553,192.168.121.1,192.168.110.1,DATA_RAW,1306,1
11118,2021-04-09 08:54:45.546885,192.168.121.1,192.168.110.1,DATA_RAW,1306,1
11194,2021-04-09 08:54:54.431297,192.168.121.1,192.168.110.1,DATA_RAW,1306,1
11196,2021-04-09 08:54:58.784638,192.168.121.1,192.168.110.1,DATA_RAW,1306,1
11254,2021-04-09 08:55:07.668916,192.168.121.1,192.168.110.1,DATA_RAW,1306,1
11382,2021-04-09 08:56:02.085582,192.168.121.1,192.168.110.1,DATA_RAW,1306,1
11435,2021-04-09 08:56:06.438983,192.168.121.1,192.168.110.1,DATA_RAW,1306,1
11457,2021-04-09 08:56:10.792201,192.168.121.1,192.168.110.1,DATA_RAW,1306,1
11475,2021-04-09 08:56:15.145537,192.168.121.1,192.168.110.1,DATA_RAW,1306,1
11566,2021-04-09 08:56:19.498935,192.168.121.1,192.168.110.1,DATA_RAW,1306,1
11587,2021-04-09 08:56:23.852312,192.168.121.1,192.168.110.1,DATA_RAW,1306,1
11658,2021-04-09 08:56:28.205644,192.168.121.1,192.168.110.1,DATA_RAW,1306,1
11675,2021-04-09 08:56:32.558978,192.168.121.1,192.168.110.1,DATA_RAW,1306,1
11749,2021-04-09 08:56:41.265595,192.168.121.1,192.168.110.1,DATA_RAW,1306,1
11962,2021-04-09 08:56:49.972253,192.168.121.1,192.168.110.1,DATA_RAW,1306,1
12062,2021-04-09 08:56:58.678869,192.168.121.1,192.168.110.1,DATA_RAW,1306,1
12099,2021-04-09 08:57:07.385736,192.168.121.1,192.168.110.1,DATA_RAW,1306,1
12137,2021-04-09 08:57:16.092316,192.168.121.1,192.168.110.1,DATA_RAW,1306,1
12167,2021-04-09 08:57:24.798927,192.168.121.1,192.168.110.1,DATA_RAW,1306,1
12175,2021-04-09 08:57:33.505574,192.168.121.1,192.168.110.1,DATA_RAW,1306,1
12216,2021-04-09 08:57:42.212317,192.168.121.1,192.168.110.1,DATA_RAW,1306,1
12274,2021-04-09 08:57:50.918934,192.168.121.1,192.168.110.1,DATA_RAW,1306,1
12368,2021-04-09 08:57:59.625584,192.168.121.1,192.168.110.1,DATA_RAW,1306,1
12748,2021-04-09 09:00:21.897006,192.168.121.1,192.168.110.1,DATA_RAW,1306,1
12369,2021-04-09 08:58:51.865586,192.168.121.1,192.168.110.1,DATA_RAW,1306,1
12430,2021-04-09 08:59:00.572313,192.168.121.1,192.168.110.1,DATA_RAW,1306,1
12521,2021-04-09 08:59:09.278978,192.168.121.1,192.168.110.1,DATA_RAW,1306,1
12566,2021-04-09 08:59:27.169388,192.168.121.1,192.168.110.1,DATA_RAW,1306,1
12641,2021-04-09 08:59:35.876064,192.168.121.1,192.168.110.1,DATA_RAW,1306,1
12734,2021-04-09 08:59:44.582737,192.168.121.1,192.168.110.1,DATA_RAW,1306,1
12830,2021-04-09 09:00:39.310273,192.168.121.1,192.168.110.1,DATA_RAW,1306,1
12833,2021-04-09 09:00:48.017012,192.168.121.1,192.168.110.1,DATA_RAW,1306,1
12960,2021-04-09 09:00:56.723676,192.168.121.1,192.168.110.1,DATA_RAW,1306,1
13152,2021-04-09 09:01:05.430227,192.168.121.1,192.168.110.1,DATA_RAW,1306,1
13207,2021-04-09 09:01:42.744628,192.168.121.1,192.168.110.1,DATA_RAW,1306,1
36285,2021-04-09 09:01:51.451301,192.168.121.1,192.168.110.1,DATA_RAW,1306,1
38002,2021-04-09 09:07:49.986771,192.168.121.1,192.168.110.1,DATA_RAW,1306,1
36286,2021-04-09 09:02:00.158082,192.168.121.1,192.168.110.1,DATA_RAW,1306,1
36297,2021-04-09 09:02:08.864564,192.168.121.1,192.168.110.1,DATA_RAW,1306,1
36322,2021-04-09 09:02:34.472471,192.168.121.1,192.168.110.1,DATA_RAW,1306,1
36407,2021-04-09 09:02:43.179139,192.168.121.1,192.168.110.1,DATA_RAW,1306,1
36474,2021-04-09 09:02:51.885811,192.168.121.1,192.168.110.1,DATA_RAW,1306,1
36563,2021-04-09 09:03:29.200097,192.168.121.1,192.168.110.1,DATA_RAW,1306,1
36706,2021-04-09 09:04:29.200240,192.168.121.1,192.168.110.1,DATA_RAW,1306,1
36807,2021-04-09 09:04:37.907037,192.168.121.1,192.168.110.1,DATA_RAW,1306,1
36819,2021-04-09 09:04:46.613700,192.168.121.1,192.168.110.1,DATA_RAW,1306,1
36938,2021-04-09 09:04:55.320366,192.168.121.1,192.168.110.1,DATA_RAW,1306,1
59004,2021-04-09 10:12:10.877143,192.168.121.1,192.168.110.1,DATA_RAW,1306,1
36956,2021-04-09 09:05:04.027025,192.168.121.1,192.168.110.1,DATA_RAW,1306,1
37084,2021-04-09 09:05:12.733700,192.168.121.1,192.168.110.1,DATA_RAW,1306,1
37162,2021-04-09 09:05:21.440365,192.168.121.1,192.168.110.1,DATA_RAW,1306,1
37163,2021-04-09 09:05:30.146944,192.168.121.1,192.168.110.1,DATA_RAW,1306,1
37176,2021-04-09 09:05:38.853596,192.168.121.1,192.168.110.1,DATA_RAW,1306,1
37237,2021-04-09 09:06:31.093695,192.168.121.1,192.168.110.1,DATA_RAW,1306,1
37353,2021-04-09 09:06:39.800364,192.168.121.1,192.168.110.1,DATA_RAW,1306,1
37373,2021-04-09 09:06:48.507036,192.168.121.1,192.168.110.1,DATA_RAW,1306,1
37440,2021-04-09 09:06:52.860352,192.168.121.1,192.168.110.1,DATA_RAW,1306,1
37461,2021-04-09 09:06:57.213702,192.168.121.1,192.168.110.1,DATA_RAW,1306,1
37486,2021-04-09 09:07:01.567082,192.168.121.1,192.168.110.1,DATA_RAW,1306,1
37512,2021-04-09 09:07:10.451386,192.168.121.1,192.168.110.1,DATA_RAW,1306,1
37668,2021-04-09 09:07:14.804716,192.168.121.1,192.168.110.1,DATA_RAW,1306,1
37689,2021-04-09 09:07:19.158089,192.168.121.1,192.168.110.1,DATA_RAW,1306,1
37769,2021-04-09 09:07:23.511308,192.168.121.1,192.168.110.1,DATA_RAW,1306,1
37778,2021-04-09 09:07:32.395739,192.168.121.1,192.168.110.1,DATA_RAW,1306,1
37888,2021-04-09 09:07:36.749079,192.168.121.1,192.168.110.1,DATA_RAW,1306,1
37898,2021-04-09 09:07:41.102369,192.168.121.1,192.168.110.1,DATA_RAW,1306,1
38019,2021-04-09 09:08:44.403297,192.168.121.1,192.168.110.1,DATA_RAW,1306,1
38032,2021-04-09 09:08:53.110100,192.168.121.1,192.168.110.1,DATA_RAW,1306,1
38094,2021-04-09 09:09:01.816761,192.168.121.1,192.168.110.1,DATA_RAW,1306,1
38237,2021-04-09 09:09:10.523424,192.168.121.1,192.168.110.1,DATA_RAW,1306,1
38274,2021-04-09 09:09:19.230104,192.168.121.1,192.168.110.1,DATA_RAW,1306,1
38281,2021-04-09 09:09:27.936763,192.168.121.1,192.168.110.1,DATA_RAW,1306,1
38373,2021-04-09 09:09:36.643359,192.168.121.1,192.168.110.1,DATA_RAW,1306,1
38375,2021-04-09 09:09:45.350099,192.168.121.1,192.168.110.1,DATA_RAW,1306,1
38403,2021-04-09 09:09:54.056768,192.168.121.1,192.168.110.1,DATA_RAW,1306,1
38427,2021-04-09 09:10:02.763460,192.168.121.1,192.168.110.1,DATA_RAW,1306,1
38446,2021-04-09 09:10:11.470100,192.168.121.1,192.168.110.1,DATA_RAW,1306,1
38617,2021-04-09 09:10:20.176758,192.168.121.1,192.168.110.1,DATA_RAW,1306,1
38675,2021-04-09 09:10:28.883376,192.168.121.1,192.168.110.1,DATA_RAW,1306,1
38735,2021-04-09 09:10:37.590016,192.168.121.1,192.168.110.1,DATA_RAW,1306,1
38813,2021-04-09 09:10:46.296773,192.168.121.1,192.168.110.1,DATA_RAW,1306,1
38873,2021-04-09 09:10:55.003426,192.168.121.1,192.168.110.1,DATA_RAW,1306,1
38963,2021-04-09 09:11:32.317586,192.168.121.1,192.168.110.1,DATA_RAW,1306,1
39074,2021-04-09 09:11:41.024383,192.168.121.1,192.168.110.1,DATA_RAW,1306,1
39144,2021-04-09 09:11:49.731045,192.168.121.1,192.168.110.1,DATA_RAW,1306,1
54780,2021-04-09 09:11:58.437598,192.168.121.1,192.168.110.1,DATA_RAW,1306,1
54781,2021-04-09 09:12:07.144374,192.168.121.1,192.168.110.1,DATA_RAW,1306,1
1216,2021-04-09 10:12:11.965484,192.168.121.1,192.168.110.1,DATA_RAW,1306,1
54956,2021-04-09 09:12:15.851049,192.168.121.1,192.168.110.1,DATA_RAW,1306,1
54957,2021-04-09 09:12:53.165345,192.168.121.1,192.168.110.1,DATA_RAW,1306,1
54960,2021-04-09 09:13:01.871999,192.168.121.1,192.168.110.1,DATA_RAW,1306,1
55015,2021-04-09 09:13:10.578595,192.168.121.1,192.168.110.1,DATA_RAW,1306,1
55156,2021-04-09 09:13:19.285333,192.168.121.1,192.168.110.1,DATA_RAW,1306,1
55179,2021-04-09 09:13:27.991994,192.168.121.1,192.168.110.1,DATA_RAW,1306,1
55205,2021-04-09 09:13:36.698620,192.168.121.1,192.168.110.1,DATA_RAW,1306,1
55242,2021-04-09 09:14:14.012936,192.168.121.1,192.168.110.1,DATA_RAW,1306,1
55283,2021-04-09 09:15:14.013011,192.168.121.1,192.168.110.1,DATA_RAW,1306,1
1217,2021-04-09 10:12:13.053808,192.168.121.1,192.168.110.1,DATA_RAW,1306,1
55287,2021-04-09 09:15:22.719803,192.168.121.1,192.168.110.1,DATA_RAW,1306,1
55426,2021-04-09 09:15:31.426466,192.168.121.1,192.168.110.1,DATA_RAW,1306,1
55469,2021-04-09 09:15:40.133132,192.168.121.1,192.168.110.1,DATA_RAW,1306,1
55550,2021-04-09 09:15:48.839804,192.168.121.1,192.168.110.1,DATA_RAW,1306,1
55621,2021-04-09 09:15:57.546429,192.168.121.1,192.168.110.1,DATA_RAW,1306,1
55641,2021-04-09 09:16:06.253139,192.168.121.1,192.168.110.1,DATA_RAW,1306,1
55642,2021-04-09 09:16:14.959805,192.168.121.1,192.168.110.1,DATA_RAW,1306,1
57462,2021-04-09 09:27:57.954824,192.168.121.1,192.168.110.1,DATA_RAW,1306,1
1259,2021-04-09 10:12:14.142148,192.168.121.1,192.168.110.1,DATA_RAW,1306,1
55746,2021-04-09 09:16:52.274041,192.168.121.1,192.168.110.1,DATA_RAW,1306,1
55748,2021-04-09 09:17:00.980753,192.168.121.1,192.168.110.1,DATA_RAW,1306,1
55879,2021-04-09 09:17:09.687416,192.168.121.1,192.168.110.1,DATA_RAW,1306,1
55892,2021-04-09 09:17:27.100755,192.168.121.1,192.168.110.1,DATA_RAW,1306,1
56042,2021-04-09 09:17:44.514092,192.168.121.1,192.168.110.1,DATA_RAW,1306,1
56048,2021-04-09 09:18:44.514108,192.168.121.1,192.168.110.1,DATA_RAW,1306,1
56057,2021-04-09 09:19:44.514238,192.168.121.1,192.168.110.1,DATA_RAW,1306,1
56089,2021-04-09 09:20:44.514312,192.168.121.1,192.168.110.1,DATA_RAW,1306,1
56248,2021-04-09 09:21:01.927773,192.168.121.1,192.168.110.1,DATA_RAW,1306,1
56349,2021-04-09 09:21:19.341098,192.168.121.1,192.168.110.1,DATA_RAW,1306,1
56357,2021-04-09 09:21:36.754442,192.168.121.1,192.168.110.1,DATA_RAW,1306,1
56381,2021-04-09 09:21:54.167657,192.168.121.1,192.168.110.1,DATA_RAW,1306,1
56426,2021-04-09 09:22:11.581103,192.168.121.1,192.168.110.1,DATA_RAW,1306,1
56447,2021-04-09 09:22:28.994354,192.168.121.1,192.168.110.1,DATA_RAW,1306,1
56516,2021-04-09 09:22:46.407728,192.168.121.1,192.168.110.1,DATA_RAW,1306,1
56606,2021-04-09 09:23:03.821134,192.168.121.1,192.168.110.1,DATA_RAW,1306,1
56770,2021-04-09 09:23:21.234318,192.168.121.1,192.168.110.1,DATA_RAW,1306,1
56801,2021-04-09 09:23:38.647778,192.168.121.1,192.168.110.1,DATA_RAW,1306,1
56820,2021-04-09 09:23:56.061060,192.168.121.1,192.168.110.1,DATA_RAW,1306,1
56833,2021-04-09 09:24:13.474320,192.168.121.1,192.168.110.1,DATA_RAW,1306,1
57009,2021-04-09 09:24:30.887680,192.168.121.1,192.168.110.1,DATA_RAW,1306,1
57062,2021-04-09 09:25:30.887755,192.168.121.1,192.168.110.1,DATA_RAW,1306,1
57119,2021-04-09 09:25:48.301211,192.168.121.1,192.168.110.1,DATA_RAW,1306,1
57135,2021-04-09 09:26:48.301339,192.168.121.1,192.168.110.1,DATA_RAW,1306,1
57218,2021-04-09 09:27:05.714799,192.168.121.1,192.168.110.1,DATA_RAW,1306,1
57390,2021-04-09 09:27:23.128136,192.168.121.1,192.168.110.1,DATA_RAW,1306,1
57394,2021-04-09 09:27:40.541471,192.168.121.1,192.168.110.1,DATA_RAW,1306,1
57466,2021-04-09 09:28:15.368134,192.168.121.1,192.168.110.1,DATA_RAW,1306,1
56059,2021-04-09 09:28:32.781424,192.168.121.1,192.168.110.1,DATA_RAW,1306,1
56060,2021-04-09 09:28:50.194799,192.168.121.1,192.168.110.1,DATA_RAW,1306,1
56097,2021-04-09 09:29:07.608041,192.168.121.1,192.168.110.1,DATA_RAW,1306,1
56108,2021-04-09 09:30:07.608107,192.168.121.1,192.168.110.1,DATA_RAW,1306,1
56115,2021-04-09 09:31:07.608237,192.168.121.1,192.168.110.1,DATA_RAW,1306,1
56207,2021-04-09 09:32:07.608356,192.168.121.1,192.168.110.1,DATA_RAW,1306,1
56311,2021-04-09 09:34:07.608616,192.168.121.1,192.168.110.1,DATA_RAW,1306,1
56381,2021-04-09 09:35:07.608745,192.168.121.1,192.168.110.1,DATA_RAW,1306,1
56383,2021-04-09 09:36:07.608781,192.168.121.1,192.168.110.1,DATA_RAW,1306,1
56441,2021-04-09 09:37:07.608914,192.168.121.1,192.168.110.1,DATA_RAW,1306,1
56467,2021-04-09 09:38:07.609038,192.168.121.1,192.168.110.1,DATA_RAW,1306,1
56472,2021-04-09 09:39:07.609172,192.168.121.1,192.168.110.1,DATA_RAW,1306,1
56478,2021-04-09 09:40:07.609299,192.168.121.1,192.168.110.1,DATA_RAW,1306,1
56507,2021-04-09 09:41:07.609425,192.168.121.1,192.168.110.1,DATA_RAW,1306,1
56639,2021-04-09 09:42:07.609550,192.168.121.1,192.168.110.1,DATA_RAW,1306,1
56689,2021-04-09 09:43:07.609587,192.168.121.1,192.168.110.1,DATA_RAW,1306,1
56885,2021-04-09 09:44:07.609717,192.168.121.1,192.168.110.1,DATA_RAW,1306,1
57055,2021-04-09 09:45:07.609842,192.168.121.1,192.168.110.1,DATA_RAW,1306,1
57060,2021-04-09 09:46:07.609967,192.168.121.1,192.168.110.1,DATA_RAW,1306,1
57168,2021-04-09 09:47:07.610112,192.168.121.1,192.168.110.1,DATA_RAW,1306,1
57222,2021-04-09 09:48:07.610177,192.168.121.1,192.168.110.1,DATA_RAW,1306,1
57330,2021-04-09 09:49:07.610201,192.168.121.1,192.168.110.1,DATA_RAW,1306,1
57339,2021-04-09 09:50:07.610192,192.168.121.1,192.168.110.1,DATA_RAW,1306,1
57363,2021-04-09 09:51:07.610208,192.168.121.1,192.168.110.1,DATA_RAW,1306,1
57402,2021-04-09 09:52:07.610213,192.168.121.1,192.168.110.1,DATA_RAW,1306,1
57612,2021-04-09 09:53:07.610340,192.168.121.1,192.168.110.1,DATA_RAW,1306,1
57646,2021-04-09 09:54:07.610382,192.168.121.1,192.168.110.1,DATA_RAW,1306,1
57677,2021-04-09 09:55:07.610516,192.168.121.1,192.168.110.1,DATA_RAW,1306,1
57730,2021-04-09 09:56:07.610549,192.168.121.1,192.168.110.1,DATA_RAW,1306,1
57802,2021-04-09 09:57:07.610522,192.168.121.1,192.168.110.1,DATA_RAW,1306,1
57828,2021-04-09 09:58:07.610660,192.168.121.1,192.168.110.1,DATA_RAW,1306,1
57999,2021-04-09 09:59:07.610785,192.168.121.1,192.168.110.1,DATA_RAW,1306,1
58081,2021-04-09 10:00:07.610915,192.168.121.1,192.168.110.1,DATA_RAW,1306,1
58154,2021-04-09 10:01:07.610928,192.168.121.1,192.168.110.1,DATA_RAW,1306,1
58238,2021-04-09 10:02:07.611001,192.168.121.1,192.168.110.1,DATA_RAW,1306,1
58374,2021-04-09 10:03:07.611120,192.168.121.1,192.168.110.1,DATA_RAW,1306,1
58382,2021-04-09 10:04:07.611156,192.168.121.1,192.168.110.1,DATA_RAW,1306,1
58401,2021-04-09 10:05:07.611287,192.168.121.1,192.168.110.1,DATA_RAW,1306,1
58559,2021-04-09 10:06:07.611393,192.168.121.1,192.168.110.1,DATA_RAW,1306,1
58580,2021-04-09 10:07:07.611526,192.168.121.1,192.168.110.1,DATA_RAW,1306,1
58644,2021-04-09 10:08:07.611656,192.168.121.1,192.168.110.1,DATA_RAW,1306,1
58651,2021-04-09 10:09:07.611733,192.168.121.1,192.168.110.1,DATA_RAW,1306,1
58682,2021-04-09 10:10:07.611835,192.168.121.1,192.168.110.1,DATA_RAW,1306,1
58846,2021-04-09 10:11:07.611877,192.168.121.1,192.168.110.1,DATA_RAW,1306,1
58853,2021-04-09 10:12:07.612018,192.168.121.1,192.168.110.1,DATA_RAW,1306,1
58878,2021-04-09 10:12:08.700471,192.168.121.1,192.168.110.1,DATA_RAW,1306,1
58957,2021-04-09 10:12:09.788809,192.168.121.1,192.168.110.1,DATA_RAW,1306,1
1448,2021-04-09 10:12:15.230362,192.168.121.1,192.168.110.1,DATA_RAW,1306,1
1466,2021-04-09 10:12:16.318770,192.168.121.1,192.168.110.1,DATA_RAW,1306,1
1523,2021-04-09 10:12:17.407086,192.168.121.1,192.168.110.1,DATA_RAW,1306,1
1567,2021-04-09 10:12:18.495471,192.168.121.1,192.168.110.1,DATA_RAW,1306,1
1585,2021-04-09 10:12:19.583804,192.168.121.1,192.168.110.1,DATA_RAW,1306,1
1703,2021-04-09 10:12:20.672128,192.168.121.1,192.168.110.1,DATA_RAW,1306,1
1764,2021-04-09 10:12:21.760420,192.168.121.1,192.168.110.1,DATA_RAW,1306,1
1811,2021-04-09 10:12:39.173829,192.168.121.1,192.168.110.1,DATA_RAW,1306,1
1840,2021-04-09 10:12:56.587091,192.168.121.1,192.168.110.1,DATA_RAW,1306,1
1872,2021-04-09 10:13:14.000436,192.168.121.1,192.168.110.1,DATA_RAW,1306,1
1950,2021-04-09 10:13:31.413818,192.168.121.1,192.168.110.1,DATA_RAW,1306,1
2026,2021-04-09 10:13:48.827155,192.168.121.1,192.168.110.1,DATA_RAW,1306,1
2061,2021-04-09 10:14:06.240470,192.168.121.1,192.168.110.1,DATA_RAW,1306,1
2169,2021-04-09 10:14:23.653794,192.168.121.1,192.168.110.1,DATA_RAW,1306,1
2189,2021-04-09 10:14:41.067143,192.168.121.1,192.168.110.1,DATA_RAW,1306,1
2192,2021-04-09 10:14:58.480419,192.168.121.1,192.168.110.1,DATA_RAW,1306,1
2407,2021-04-09 10:15:15.893817,192.168.121.1,192.168.110.1,DATA_RAW,1306,1
2447,2021-04-09 10:15:33.307149,192.168.121.1,192.168.110.1,DATA_RAW,1306,1
2552,2021-04-09 10:15:50.720475,192.168.121.1,192.168.110.1,DATA_RAW,1306,1
2603,2021-04-09 10:16:08.133809,192.168.121.1,192.168.110.1,DATA_RAW,1306,1
2605,2021-04-09 10:16:25.547167,192.168.121.1,192.168.110.1,DATA_RAW,1306,1
2635,2021-04-09 10:16:42.960410,192.168.121.1,192.168.110.1,DATA_RAW,1306,1
3435,2021-04-09 10:20:56.048474,192.168.121.1,192.168.110.1,DATA_RAW,1306,1
2686,2021-04-09 10:17:00.373810,192.168.121.1,192.168.110.1,DATA_RAW,1306,1
2859,2021-04-09 10:18:00.373934,192.168.121.1,192.168.110.1,DATA_RAW,1306,1
2907,2021-04-09 10:19:00.374066,192.168.121.1,192.168.110.1,DATA_RAW,1306,1
2957,2021-04-09 10:19:17.787534,192.168.121.1,192.168.110.1,DATA_RAW,1306,1
2996,2021-04-09 10:19:35.200865,192.168.121.1,192.168.110.1,DATA_RAW,1306,1
3059,2021-04-09 10:19:43.907525,192.168.121.1,192.168.110.1,DATA_RAW,1306,1
3147,2021-04-09 10:19:52.614108,192.168.121.1,192.168.110.1,DATA_RAW,1306,1
3165,2021-04-09 10:20:01.320873,192.168.121.1,192.168.110.1,DATA_RAW,1306,1
3196,2021-04-09 10:20:10.027469,192.168.121.1,192.168.110.1,DATA_RAW,1306,1
3258,2021-04-09 10:20:18.734197,192.168.121.1,192.168.110.1,DATA_RAW,1306,1
3547,2021-04-09 10:21:04.755072,192.168.121.1,192.168.110.1,DATA_RAW,1306,1
3620,2021-04-09 10:21:13.461744,192.168.121.1,192.168.110.1,DATA_RAW,1306,1
3761,2021-04-09 10:21:22.168476,192.168.121.1,192.168.110.1,DATA_RAW,1306,1
3766,2021-04-09 10:21:59.482713,192.168.121.1,192.168.110.1,DATA_RAW,1306,1
3845,2021-04-09 10:22:08.189431,192.168.121.1,192.168.110.1,DATA_RAW,1306,1
3967,2021-04-09 10:22:45.503665,192.168.121.1,192.168.110.1,DATA_RAW,1306,1
4016,2021-04-09 10:22:54.210264,192.168.121.1,192.168.110.1,DATA_RAW,1306,1
4083,2021-04-09 10:23:02.916991,192.168.121.1,192.168.110.1,DATA_RAW,1306,1
4084,2021-04-09 10:23:11.623720,192.168.121.1,192.168.110.1,DATA_RAW,1306,1
4100,2021-04-09 10:24:03.863714,192.168.121.1,192.168.110.1,DATA_RAW,1306,1
4148,2021-04-09 10:24:12.570264,192.168.121.1,192.168.110.1,DATA_RAW,1306,1
